{
	"id": "86dc0a95-94a4-d396-e47d-b93ab575451b",
	"name": "API_Vivavideo_comment_50_CN_0706",
	"description": "截止2017.03.29，每天最多评论50条；",
	"order": [],
	"folders": [
		{
			"owner": "1218780",
			"lastUpdatedBy": "1218780",
			"lastRevision": 1846566728,
			"folder": null,
			"id": "0284b0d8-77e7-a40b-4d53-acce9a17c628",
			"name": "p-评论",
			"description": "截止2017.03.29，每天最多只能评论50条；\n关注每天最多100个，没有去重；\n每个人关注数量最大为999；",
			"order": [
				"72393bf9-9cee-e379-d53b-60f25b21717b",
				"7e4937c8-ea4c-01ca-d572-97ef04947d42",
				"d230db87-1237-d6ad-e27f-7fc967ad6ab3",
				"58f2f0c3-cdec-ac38-4c86-d4419a17f195"
			],
			"folders_order": []
		},
		{
			"owner": "1218780",
			"lastUpdatedBy": "1218780",
			"lastRevision": 1846566868,
			"folder": null,
			"id": "84f492fc-0bca-7125-d6a7-0891138b12d6",
			"name": "pd-删除视频业务逻辑",
			"description": "",
			"order": [
				"a33a1ba6-c82e-7b42-f90b-3b70428e2b84",
				"202f75b3-9cf4-4e91-c545-c4132bea3aec",
				"a685a249-9b78-671d-b73b-778bc0e20a2c"
			],
			"folders_order": []
		}
	],
	"timestamp": 0,
	"owner": "1218780",
	"public": false,
	"requests": [
		{
			"folder": "84f492fc-0bca-7125-d6a7-0891138b12d6",
			"id": "202f75b3-9cf4-4e91-c545-c4132bea3aec",
			"name": "pd-删除回复的评论",
			"dataMode": "urlencoded",
			"data": [
				{
					"key": "a",
					"value": "pd",
					"type": "text",
					"enabled": true
				},
				{
					"key": "b",
					"value": "1.0",
					"type": "text",
					"enabled": true
				},
				{
					"key": "c",
					"value": "{{Appkey}}",
					"type": "text",
					"enabled": true
				},
				{
					"key": "d",
					"value": "VivaVideo_QaTest_Tony",
					"type": "text",
					"enabled": true
				},
				{
					"key": "e",
					"value": "{{DeviceID}}",
					"type": "text",
					"enabled": true
				},
				{
					"key": "f",
					"value": "{{VivaVideo_Auid}}",
					"type": "text",
					"enabled": true
				},
				{
					"key": "h",
					"value": "{{VivaVideo_UserToken}}",
					"type": "text",
					"enabled": true
				},
				{
					"key": "i",
					"value": "{\"a\":\"{{strSecCommentID}}\"}",
					"type": "text",
					"enabled": true
				},
				{
					"key": "j",
					"value": "{{signRequest}}",
					"type": "text",
					"enabled": true
				},
				{
					"key": "k",
					"value": "{{OSVersion}}",
					"type": "text",
					"enabled": true
				},
				{
					"key": "l",
					"value": "{{CurrentTime}}",
					"type": "text",
					"enabled": true
				}
			],
			"rawModeData": null,
			"descriptionFormat": null,
			"description": "删除对自己账号的回复评论",
			"headers": "Content-Type: application/x-www-form-urlencoded\nAccept: application/json\n",
			"method": "POST",
			"pathVariables": {},
			"url": "{{VivaVideoUrl_hz_p}}/pd",
			"preRequestScript": "//将业务请求参数i对应的动态参数取出，赋值给strContentSign\nvar reqData = _.indexBy(request.data, \"key\"),\n    iContent = reqData[\"i\"].value;\n\nif(iContent.length !== 0){\n    var jsonContent=JSON.parse(iContent);\n\n    for (var a in jsonContent)\n    {\n        jsonContent[a]=String([jsonContent[a]]);\n        if(jsonContent[a].indexOf(\"{\")>=0)\n        {\n            var y1=jsonContent[a].indexOf(\"}\");\n            var y2=jsonContent[a].substring(2,y1);\n            jsonContent[a]=jsonContent[a].replace(jsonContent[a],environment[y2]);\n        }\n    }\n        var strContentSign=JSON.stringify(jsonContent);\n}else{\n    var strContentSign = \"\";\n}\n\nvar aPath = \"\";\n//如果方法名为1位，则直接赋值；如果不等于一位，则截取第一位；\nif(reqData[\"a\"].value.length === 1){\n    aPath = reqData[\"a\"].value;\n}else{\n    aPath = reqData[\"a\"].value.slice(0,1);\n}\n//拼接生成strPath字符串\nvar strPath = \"/api/rest/\" + aPath + \"/\" + reqData[\"a\"].value;\n\n//生成request中i对应的sign值，用于服务器校验\n//var strContentSign = request.data[\"i\"];\nvar strTime = globals.CurrentTime;\n\n//var strAppkey = environment[\"Appkey\"];   //需要再将此字符串经过Base64加密\n//将Appkey值转成salt值，并Base64加密\nvar salt = CryptoJS.enc.Utf8.parse(environment[\"Appkey\"]);\nvar strSalt = CryptoJS.enc.Base64.stringify(salt);\n\n//拼接字符串，并MD5加密\nvar strSign = \"POST\" + strPath + strContentSign + strTime + strSalt;\nvar md5StrJ = CryptoJS.MD5(strSign).toString();\n//console.log(md5StrJ);\n\n//将加密后的sign值设置到环境变量\npostman.setEnvironmentVariable(\"signRequest\",md5StrJ);",
			"tests": "tests[\"Status code is 200\"] = responseCode.code === 200;\n\nif(responseCode.code === 200){\n    if(responseBody.length !== 0){\n        var jsonData = JSON.parse(responseBody);\n        console.log(\"Response is： \" + responseBody);\n    }else{\n        console.log(\"The response is NULL!\");\n    }\n}else if(responseBody.has(\"errorCode\")){\n    //输出responseBody\n    console.log(responseBody);\n}",
			"currentHelper": "normal",
			"helperAttributes": {},
			"queryParams": null,
			"headerData": null,
			"pathVariableData": null,
			"collectionId": "86dc0a95-94a4-d396-e47d-b93ab575451b"
		},
		{
			"folder": "0284b0d8-77e7-a40b-4d53-acce9a17c628",
			"id": "58f2f0c3-cdec-ac38-4c86-d4419a17f195",
			"name": "pf-评论点赞/取消点赞",
			"dataMode": "urlencoded",
			"data": [
				{
					"key": "a",
					"value": "pf",
					"type": "text",
					"enabled": true
				},
				{
					"key": "b",
					"value": "1.0",
					"type": "text",
					"enabled": true
				},
				{
					"key": "c",
					"value": "{{Appkey}}",
					"type": "text",
					"enabled": true
				},
				{
					"key": "d",
					"value": "VivaVideo_QaTest_Tony",
					"type": "text",
					"enabled": true
				},
				{
					"key": "e",
					"value": "{{DeviceID}}",
					"type": "text",
					"enabled": true
				},
				{
					"key": "f",
					"value": "{{VivaVideo_Auid}}",
					"type": "text",
					"enabled": true
				},
				{
					"key": "h",
					"value": "{{VivaVideo_UserToken}}",
					"type": "text",
					"enabled": true
				},
				{
					"key": "i",
					"value": "{\"a\":\"{{strCommentID}}\",\"b\":\"1\"}",
					"type": "text",
					"enabled": true
				},
				{
					"key": "j",
					"value": "{{signRequest}}",
					"type": "text",
					"enabled": true
				},
				{
					"key": "k",
					"value": "{{OSVersion}}",
					"type": "text",
					"enabled": true
				},
				{
					"key": "l",
					"value": "{{CurrentTime}}",
					"type": "text",
					"enabled": true
				}
			],
			"rawModeData": null,
			"descriptionFormat": null,
			"description": "评论自己账号\n业务参数说明：\nb：\n1：点赞\n0：取消点赞",
			"headers": "Content-Type: application/x-www-form-urlencoded\nAccept: application/json\n",
			"method": "POST",
			"pathVariables": {},
			"url": "{{VivaVideoUrl_hz_p}}/pf",
			"preRequestScript": "//将业务请求参数i对应的动态参数取出，赋值给strContentSign\nvar reqData = _.indexBy(request.data, \"key\"),\n    iContent = reqData[\"i\"].value;\n\nif(iContent.length !== 0){\n    var jsonContent=JSON.parse(iContent);\n\n    for (var a in jsonContent)\n    {\n        jsonContent[a]=String([jsonContent[a]]);\n        if(jsonContent[a].indexOf(\"{\")>=0)\n        {\n            var y1=jsonContent[a].indexOf(\"}\");\n            var y2=jsonContent[a].substring(2,y1);\n            jsonContent[a]=jsonContent[a].replace(jsonContent[a],environment[y2]);\n        }\n    }\n        var strContentSign=JSON.stringify(jsonContent);\n}else{\n    var strContentSign = \"\";\n}\n\nvar aPath = \"\";\n//如果方法名为1位，则直接赋值；如果不等于一位，则截取第一位；\nif(reqData[\"a\"].value.length === 1){\n    aPath = reqData[\"a\"].value;\n}else{\n    aPath = reqData[\"a\"].value.slice(0,1);\n}\n//拼接生成strPath字符串\nvar strPath = \"/api/rest/\" + aPath + \"/\" + reqData[\"a\"].value;\n\n//生成request中i对应的sign值，用于服务器校验\n//var strContentSign = request.data[\"i\"];\nvar strTime = globals.CurrentTime;\n\n//var strAppkey = environment[\"Appkey\"];   //需要再将此字符串经过Base64加密\n//将Appkey值转成salt值，并Base64加密\nvar salt = CryptoJS.enc.Utf8.parse(environment[\"Appkey\"]);\nvar strSalt = CryptoJS.enc.Base64.stringify(salt);\n\n//拼接字符串，并MD5加密\nvar strSign = \"POST\" + strPath + strContentSign + strTime + strSalt;\nvar md5StrJ = CryptoJS.MD5(strSign).toString();\n//console.log(md5StrJ);\n\n//将加密后的sign值设置到环境变量\npostman.setEnvironmentVariable(\"signRequest\",md5StrJ);",
			"tests": "tests[\"Status code is 200\"] = responseCode.code === 200;\n\nif(responseCode.code === 200){\n    if(responseBody.length !== 0){\n        var jsonData = JSON.parse(responseBody);\n        console.log(\"Response is： \" + responseBody);\n    }else{\n        console.log(\"The response is NULL!\");\n    }\n}else if(responseBody.has(\"errorCode\")){\n    //输出responseBody\n    console.log(responseBody);\n}",
			"currentHelper": "normal",
			"helperAttributes": {},
			"queryParams": null,
			"headerData": null,
			"pathVariableData": null,
			"collectionId": "86dc0a95-94a4-d396-e47d-b93ab575451b"
		},
		{
			"folder": "0284b0d8-77e7-a40b-4d53-acce9a17c628",
			"id": "72393bf9-9cee-e379-d53b-60f25b21717b",
			"name": "pa-获取视频评论",
			"dataMode": "urlencoded",
			"data": [
				{
					"key": "a",
					"value": "pa",
					"type": "text",
					"enabled": true
				},
				{
					"key": "b",
					"value": "1.0",
					"type": "text",
					"enabled": true
				},
				{
					"key": "c",
					"value": "{{Appkey}}",
					"type": "text",
					"enabled": true
				},
				{
					"key": "d",
					"value": "VivaVideo_QaTest_Tony",
					"type": "text",
					"enabled": true
				},
				{
					"key": "e",
					"value": "{{DeviceID}}",
					"type": "text",
					"enabled": true
				},
				{
					"key": "f",
					"value": "{{VivaVideo_Auid}}",
					"type": "text",
					"enabled": false
				},
				{
					"key": "h",
					"value": "{{VivaVideo_UserToken}}",
					"type": "text",
					"enabled": true
				},
				{
					"key": "i",
					"value": "{\"a\":\"{{thirdPuid}}\",\"b\":\"1\"}",
					"type": "text",
					"enabled": true
				},
				{
					"key": "j",
					"value": "{{signRequest}}",
					"type": "text",
					"enabled": true
				},
				{
					"key": "k",
					"value": "{{OSVersion}}",
					"type": "text",
					"enabled": true
				},
				{
					"key": "l",
					"value": "{{CurrentTime}}",
					"type": "text",
					"enabled": true
				}
			],
			"rawModeData": null,
			"descriptionFormat": null,
			"description": "",
			"headers": "Content-Type: application/x-www-form-urlencoded\nAccept: application/json\n",
			"method": "POST",
			"pathVariables": {},
			"url": "{{VivaVideoUrl_hz_p}}/pa",
			"preRequestScript": "//将业务请求参数i对应的动态参数取出，赋值给strContentSign\nvar reqData = _.indexBy(request.data, \"key\"),\n    iContent = reqData[\"i\"].value;\n\nif(iContent.length !== 0){\n    var jsonContent=JSON.parse(iContent);\n\n    for (var a in jsonContent)\n    {\n        jsonContent[a]=String([jsonContent[a]]);\n        if(jsonContent[a].indexOf(\"{\")>=0)\n        {\n            var y1=jsonContent[a].indexOf(\"}\");\n            var y2=jsonContent[a].substring(2,y1);\n            jsonContent[a]=jsonContent[a].replace(jsonContent[a],environment[y2]);\n        }\n    }\n        var strContentSign=JSON.stringify(jsonContent);\n}else{\n    var strContentSign = \"\";\n}\n\nvar aPath = \"\";\n//如果方法名为1位，则直接赋值；如果不等于一位，则截取第一位；\nif(reqData[\"a\"].value.length === 1){\n    aPath = reqData[\"a\"].value;\n}else{\n    aPath = reqData[\"a\"].value.slice(0,1);\n}\n//拼接生成strPath字符串\nvar strPath = \"/api/rest/\" + aPath + \"/\" + reqData[\"a\"].value;\n\n//生成request中i对应的sign值，用于服务器校验\n//var strContentSign = request.data[\"i\"];\nvar strTime = globals.CurrentTime;\n\n//var strAppkey = environment[\"Appkey\"];   //需要再将此字符串经过Base64加密\n//将Appkey值转成salt值，并Base64加密\nvar salt = CryptoJS.enc.Utf8.parse(environment[\"Appkey\"]);\nvar strSalt = CryptoJS.enc.Base64.stringify(salt);\n\n//拼接字符串，并MD5加密\nvar strSign = \"POST\" + strPath + strContentSign + strTime + strSalt;\nvar md5StrJ = CryptoJS.MD5(strSign).toString();\n//console.log(md5StrJ);\n\n//将加密后的sign值设置到环境变量\npostman.setEnvironmentVariable(\"signRequest\",md5StrJ);",
			"tests": "tests[\"Status code is 200\"] = responseCode.code === 200;\n\nif(responseCode.code === 200){\n    if(responseBody.length !== 0){\n        console.log(\"Response is： \" + responseBody);\n    }else{\n        console.log(\"The response is NULL!\");\n    }\n}else if(responseBody.has(\"errorCode\")){\n    //输出responseBody\n    console.log(responseBody);\n}",
			"currentHelper": "normal",
			"helperAttributes": {},
			"queryParams": null,
			"headerData": null,
			"pathVariableData": null,
			"collectionId": "86dc0a95-94a4-d396-e47d-b93ab575451b"
		},
		{
			"folder": "0284b0d8-77e7-a40b-4d53-acce9a17c628",
			"id": "7e4937c8-ea4c-01ca-d572-97ef04947d42",
			"name": "pb-添加评论",
			"dataMode": "urlencoded",
			"data": [
				{
					"key": "a",
					"value": "pb",
					"type": "text",
					"enabled": true
				},
				{
					"key": "b",
					"value": "1.0",
					"type": "text",
					"enabled": true
				},
				{
					"key": "c",
					"value": "{{Appkey}}",
					"type": "text",
					"enabled": true
				},
				{
					"key": "d",
					"value": "VivaVideo_QaTest_Tony",
					"type": "text",
					"enabled": true
				},
				{
					"key": "e",
					"value": "{{DeviceID}}",
					"type": "text",
					"enabled": true
				},
				{
					"key": "f",
					"value": "{{VivaVideo_Auid}}",
					"type": "text",
					"enabled": true
				},
				{
					"key": "h",
					"value": "{{VivaVideo_UserToken}}",
					"type": "text",
					"enabled": true
				},
				{
					"key": "i",
					"value": "{\"a\":\"{{secPuid}}\",\"b\":\"1\",\"c\":\"{{VivaVideo_Auid}}\",\"d\":\"赞一个\"}",
					"type": "text",
					"enabled": true
				},
				{
					"key": "j",
					"value": "{{signRequest}}",
					"type": "text",
					"enabled": true
				},
				{
					"key": "k",
					"value": "{{OSVersion}}",
					"type": "text",
					"enabled": true
				},
				{
					"key": "l",
					"value": "{{CurrentTime}}",
					"type": "text",
					"enabled": true
				}
			],
			"rawModeData": null,
			"descriptionFormat": null,
			"description": "评论自己账号",
			"headers": "Content-Type: application/x-www-form-urlencoded\nAccept: application/json\n",
			"method": "POST",
			"pathVariables": {},
			"url": "{{VivaVideoUrl_hz_p}}/pb",
			"preRequestScript": "//将业务请求参数i对应的动态参数取出，赋值给strContentSign\nvar reqData = _.indexBy(request.data, \"key\"),\n    iContent = reqData[\"i\"].value;\n\nif(iContent.length !== 0){\n    var jsonContent=JSON.parse(iContent);\n\n    for (var a in jsonContent)\n    {\n        jsonContent[a]=String([jsonContent[a]]);\n        if(jsonContent[a].indexOf(\"{\")>=0)\n        {\n            var y1=jsonContent[a].indexOf(\"}\");\n            var y2=jsonContent[a].substring(2,y1);\n            jsonContent[a]=jsonContent[a].replace(jsonContent[a],environment[y2]);\n        }\n    }\n        var strContentSign=JSON.stringify(jsonContent);\n}else{\n    var strContentSign = \"\";\n}\n\nvar aPath = \"\";\n//如果方法名为1位，则直接赋值；如果不等于一位，则截取第一位；\nif(reqData[\"a\"].value.length === 1){\n    aPath = reqData[\"a\"].value;\n}else{\n    aPath = reqData[\"a\"].value.slice(0,1);\n}\n//拼接生成strPath字符串\nvar strPath = \"/api/rest/\" + aPath + \"/\" + reqData[\"a\"].value;\n\n//生成request中i对应的sign值，用于服务器校验\n//var strContentSign = request.data[\"i\"];\nvar strTime = globals.CurrentTime;\n\n//var strAppkey = environment[\"Appkey\"];   //需要再将此字符串经过Base64加密\n//将Appkey值转成salt值，并Base64加密\nvar salt = CryptoJS.enc.Utf8.parse(environment[\"Appkey\"]);\nvar strSalt = CryptoJS.enc.Base64.stringify(salt);\n\n//拼接字符串，并MD5加密\nvar strSign = \"POST\" + strPath + strContentSign + strTime + strSalt;\nvar md5StrJ = CryptoJS.MD5(strSign).toString();\n//console.log(md5StrJ);\n\n//将加密后的sign值设置到环境变量\npostman.setEnvironmentVariable(\"signRequest\",md5StrJ);",
			"tests": "tests[\"Status code is 200\"] = responseCode.code === 200;\n\nif(responseCode.code === 200){\n    if(responseBody.length !== 0){\n        var jsonData = JSON.parse(responseBody);\n        //将发布的评论id设置到环境strCommentID中\n        postman.setEnvironmentVariable(\"strCommentID\", jsonData.commentId);\n        console.log(\"Response is： \" + responseBody);\n    }else{\n        console.log(\"The response is NULL!\");\n    }\n}else if(responseBody.has(\"errorCode\")){\n    //输出responseBody\n    console.log(responseBody);\n}",
			"currentHelper": "normal",
			"helperAttributes": {},
			"queryParams": null,
			"headerData": null,
			"pathVariableData": null,
			"collectionId": "86dc0a95-94a4-d396-e47d-b93ab575451b"
		},
		{
			"folder": "84f492fc-0bca-7125-d6a7-0891138b12d6",
			"id": "a33a1ba6-c82e-7b42-f90b-3b70428e2b84",
			"name": "pc-回复评论",
			"dataMode": "urlencoded",
			"data": [
				{
					"key": "a",
					"value": "pc",
					"type": "text",
					"enabled": true
				},
				{
					"key": "b",
					"value": "1.0",
					"type": "text",
					"enabled": true
				},
				{
					"key": "c",
					"value": "{{Appkey}}",
					"type": "text",
					"enabled": true
				},
				{
					"key": "d",
					"value": "VivaVideo_QaTest_Tony",
					"type": "text",
					"enabled": true
				},
				{
					"key": "e",
					"value": "{{DeviceID}}",
					"type": "text",
					"enabled": true
				},
				{
					"key": "f",
					"value": "{{VivaVideo_Auid}}",
					"type": "text",
					"enabled": true
				},
				{
					"key": "h",
					"value": "{{VivaVideo_UserToken}}",
					"type": "text",
					"enabled": true
				},
				{
					"key": "i",
					"value": "{\"a\":\"{{strCommentID}}\",\"b\":\"{{secPuid}}\",\"c\":\"1\",\"d\":\"{{VivaVideo_Auid}}\",\"e\":\"再赞一个\"}",
					"type": "text",
					"enabled": true
				},
				{
					"key": "j",
					"value": "{{signRequest}}",
					"type": "text",
					"enabled": true
				},
				{
					"key": "k",
					"value": "{{OSVersion}}",
					"type": "text",
					"enabled": true
				},
				{
					"key": "l",
					"value": "{{CurrentTime}}",
					"type": "text",
					"enabled": true
				}
			],
			"rawModeData": null,
			"descriptionFormat": null,
			"description": "回复评论自己账号",
			"headers": "Content-Type: application/x-www-form-urlencoded\nAccept: application/json\n",
			"method": "POST",
			"pathVariables": {},
			"url": "{{VivaVideoUrl_hz_p}}/pc",
			"preRequestScript": "//将业务请求参数i对应的动态参数取出，赋值给strContentSign\nvar reqData = _.indexBy(request.data, \"key\"),\n    iContent = reqData[\"i\"].value;\n\nif(iContent.length !== 0){\n    var jsonContent=JSON.parse(iContent);\n\n    for (var a in jsonContent)\n    {\n        jsonContent[a]=String([jsonContent[a]]);\n        if(jsonContent[a].indexOf(\"{\")>=0)\n        {\n            var y1=jsonContent[a].indexOf(\"}\");\n            var y2=jsonContent[a].substring(2,y1);\n            jsonContent[a]=jsonContent[a].replace(jsonContent[a],environment[y2]);\n        }\n    }\n        var strContentSign=JSON.stringify(jsonContent);\n}else{\n    var strContentSign = \"\";\n}\n\nvar aPath = \"\";\n//如果方法名为1位，则直接赋值；如果不等于一位，则截取第一位；\nif(reqData[\"a\"].value.length === 1){\n    aPath = reqData[\"a\"].value;\n}else{\n    aPath = reqData[\"a\"].value.slice(0,1);\n}\n//拼接生成strPath字符串\nvar strPath = \"/api/rest/\" + aPath + \"/\" + reqData[\"a\"].value;\n\n//生成request中i对应的sign值，用于服务器校验\n//var strContentSign = request.data[\"i\"];\nvar strTime = globals.CurrentTime;\n\n//var strAppkey = environment[\"Appkey\"];   //需要再将此字符串经过Base64加密\n//将Appkey值转成salt值，并Base64加密\nvar salt = CryptoJS.enc.Utf8.parse(environment[\"Appkey\"]);\nvar strSalt = CryptoJS.enc.Base64.stringify(salt);\n\n//拼接字符串，并MD5加密\nvar strSign = \"POST\" + strPath + strContentSign + strTime + strSalt;\nvar md5StrJ = CryptoJS.MD5(strSign).toString();\n//console.log(md5StrJ);\n\n//将加密后的sign值设置到环境变量\npostman.setEnvironmentVariable(\"signRequest\",md5StrJ);",
			"tests": "tests[\"Status code is 200\"] = responseCode.code === 200;\n\nif(responseCode.code === 200){\n    if(responseBody.length !== 0){\n        var jsonData = JSON.parse(responseBody);\n        //将回复的评论id设置到环境strCommentID中\n        postman.setEnvironmentVariable(\"strSecCommentID\", jsonData.commentId);\n        console.log(\"Response is： \" + responseBody);\n    }else{\n        console.log(\"The response is NULL!\");\n    }\n}else if(responseBody.has(\"errorCode\")){\n    //输出responseBody\n    console.log(responseBody);\n}",
			"currentHelper": "normal",
			"helperAttributes": {},
			"queryParams": null,
			"headerData": null,
			"pathVariableData": null,
			"collectionId": "86dc0a95-94a4-d396-e47d-b93ab575451b"
		},
		{
			"folder": "84f492fc-0bca-7125-d6a7-0891138b12d6",
			"id": "a685a249-9b78-671d-b73b-778bc0e20a2c",
			"name": "pa-获取视频评论-检查评论是否删除",
			"dataMode": "urlencoded",
			"data": [
				{
					"key": "a",
					"value": "pa",
					"type": "text",
					"enabled": true
				},
				{
					"key": "b",
					"value": "1.0",
					"type": "text",
					"enabled": true
				},
				{
					"key": "c",
					"value": "{{Appkey}}",
					"type": "text",
					"enabled": true
				},
				{
					"key": "d",
					"value": "VivaVideo_QaTest_Tony",
					"type": "text",
					"enabled": true
				},
				{
					"key": "e",
					"value": "{{DeviceID}}",
					"type": "text",
					"enabled": true
				},
				{
					"key": "f",
					"value": "{{VivaVideo_Auid}}",
					"type": "text",
					"enabled": false
				},
				{
					"key": "h",
					"value": "{{VivaVideo_UserToken}}",
					"type": "text",
					"enabled": true
				},
				{
					"key": "i",
					"value": "{\"a\":\"{{secPuid}}\",\"b\":\"1\"}",
					"type": "text",
					"enabled": true
				},
				{
					"key": "j",
					"value": "{{signRequest}}",
					"type": "text",
					"enabled": true
				},
				{
					"key": "k",
					"value": "{{OSVersion}}",
					"type": "text",
					"enabled": true
				},
				{
					"key": "l",
					"value": "{{CurrentTime}}",
					"type": "text",
					"enabled": true
				}
			],
			"rawModeData": null,
			"descriptionFormat": null,
			"description": "检查自己的评论列表是否删除成功",
			"headers": "Content-Type: application/x-www-form-urlencoded\nAccept: application/json\n",
			"method": "POST",
			"pathVariables": {},
			"url": "{{VivaVideoUrl_hz_p}}/pa",
			"preRequestScript": "//将业务请求参数i对应的动态参数取出，赋值给strContentSign\nvar reqData = _.indexBy(request.data, \"key\"),\n    iContent = reqData[\"i\"].value;\n\nif(iContent.length !== 0){\n    var jsonContent=JSON.parse(iContent);\n\n    for (var a in jsonContent)\n    {\n        jsonContent[a]=String([jsonContent[a]]);\n        if(jsonContent[a].indexOf(\"{\")>=0)\n        {\n            var y1=jsonContent[a].indexOf(\"}\");\n            var y2=jsonContent[a].substring(2,y1);\n            jsonContent[a]=jsonContent[a].replace(jsonContent[a],environment[y2]);\n        }\n    }\n        var strContentSign=JSON.stringify(jsonContent);\n}else{\n    var strContentSign = \"\";\n}\n\nvar aPath = \"\";\n//如果方法名为1位，则直接赋值；如果不等于一位，则截取第一位；\nif(reqData[\"a\"].value.length === 1){\n    aPath = reqData[\"a\"].value;\n}else{\n    aPath = reqData[\"a\"].value.slice(0,1);\n}\n//拼接生成strPath字符串\nvar strPath = \"/api/rest/\" + aPath + \"/\" + reqData[\"a\"].value;\n\n//生成request中i对应的sign值，用于服务器校验\n//var strContentSign = request.data[\"i\"];\nvar strTime = globals.CurrentTime;\n\n//var strAppkey = environment[\"Appkey\"];   //需要再将此字符串经过Base64加密\n//将Appkey值转成salt值，并Base64加密\nvar salt = CryptoJS.enc.Utf8.parse(environment[\"Appkey\"]);\nvar strSalt = CryptoJS.enc.Base64.stringify(salt);\n\n//拼接字符串，并MD5加密\nvar strSign = \"POST\" + strPath + strContentSign + strTime + strSalt;\nvar md5StrJ = CryptoJS.MD5(strSign).toString();\n//console.log(md5StrJ);\n\n//将加密后的sign值设置到环境变量\npostman.setEnvironmentVariable(\"signRequest\",md5StrJ);",
			"tests": "tests[\"Status code is 200\"] = responseCode.code === 200;\n\nvar sucFlag = 0;\nif(responseCode.code === 200){\n    if(responseBody.length !== 0){\n        var jsonData = JSON.parse(responseBody);\n        for(var i = 0; i < jsonData.comments.length; i++){\n            //判断此视频评论列表中是否包含已删除的回复评论\n            if(jsonData.comments[i].id === environment[\"strSecCommentID\"]){\n                //包含同名评论内容，设置sucFlag为1\n                sucFlag = 1;\n            }\n        }\n        //判断sucFlag当前数值，1代表删除失败，0代表删除成功\n        if(sucFlag === 1){\n            tests[\"删除评论成功\"] = false;\n            console.log(\"评论依然存在，删除失败\");\n        }else{\n            tests[\"删除评论成功\"] = true;\n        }\n    }else{\n        console.log(\"The response is NULL!\");\n    }\n}else if(responseBody.has(\"errorCode\")){\n    //输出responseBody\n    console.log(responseBody);\n}",
			"currentHelper": "normal",
			"helperAttributes": {},
			"queryParams": null,
			"headerData": null,
			"pathVariableData": null,
			"collectionId": "86dc0a95-94a4-d396-e47d-b93ab575451b"
		},
		{
			"folder": "0284b0d8-77e7-a40b-4d53-acce9a17c628",
			"id": "d230db87-1237-d6ad-e27f-7fc967ad6ab3",
			"name": "pe-举报评论",
			"dataMode": "urlencoded",
			"data": [
				{
					"key": "a",
					"value": "pe",
					"type": "text",
					"enabled": true
				},
				{
					"key": "b",
					"value": "1.0",
					"type": "text",
					"enabled": true
				},
				{
					"key": "c",
					"value": "{{Appkey}}",
					"type": "text",
					"enabled": true
				},
				{
					"key": "d",
					"value": "VivaVideo_QaTest_Tony",
					"type": "text",
					"enabled": true
				},
				{
					"key": "e",
					"value": "{{DeviceID}}",
					"type": "text",
					"enabled": true
				},
				{
					"key": "f",
					"value": "{{VivaVideo_Auid}}",
					"type": "text",
					"enabled": true
				},
				{
					"key": "h",
					"value": "{{VivaVideo_UserToken}}",
					"type": "text",
					"enabled": true
				},
				{
					"key": "i",
					"value": "{\"a\":\"{{strCommentID}}\"}",
					"type": "text",
					"enabled": true
				},
				{
					"key": "j",
					"value": "{{signRequest}}",
					"type": "text",
					"enabled": true
				},
				{
					"key": "k",
					"value": "{{OSVersion}}",
					"type": "text",
					"enabled": true
				},
				{
					"key": "l",
					"value": "{{CurrentTime}}",
					"type": "text",
					"enabled": true
				}
			],
			"rawModeData": null,
			"descriptionFormat": null,
			"description": "评论自己账号",
			"headers": "Content-Type: application/x-www-form-urlencoded\nAccept: application/json\n",
			"method": "POST",
			"pathVariables": {},
			"url": "{{VivaVideoUrl_hz_p}}/pe",
			"preRequestScript": "//将业务请求参数i对应的动态参数取出，赋值给strContentSign\nvar reqData = _.indexBy(request.data, \"key\"),\n    iContent = reqData[\"i\"].value;\n\nif(iContent.length !== 0){\n    var jsonContent=JSON.parse(iContent);\n\n    for (var a in jsonContent)\n    {\n        jsonContent[a]=String([jsonContent[a]]);\n        if(jsonContent[a].indexOf(\"{\")>=0)\n        {\n            var y1=jsonContent[a].indexOf(\"}\");\n            var y2=jsonContent[a].substring(2,y1);\n            jsonContent[a]=jsonContent[a].replace(jsonContent[a],environment[y2]);\n        }\n    }\n        var strContentSign=JSON.stringify(jsonContent);\n}else{\n    var strContentSign = \"\";\n}\n\nvar aPath = \"\";\n//如果方法名为1位，则直接赋值；如果不等于一位，则截取第一位；\nif(reqData[\"a\"].value.length === 1){\n    aPath = reqData[\"a\"].value;\n}else{\n    aPath = reqData[\"a\"].value.slice(0,1);\n}\n//拼接生成strPath字符串\nvar strPath = \"/api/rest/\" + aPath + \"/\" + reqData[\"a\"].value;\n\n//生成request中i对应的sign值，用于服务器校验\n//var strContentSign = request.data[\"i\"];\nvar strTime = globals.CurrentTime;\n\n//var strAppkey = environment[\"Appkey\"];   //需要再将此字符串经过Base64加密\n//将Appkey值转成salt值，并Base64加密\nvar salt = CryptoJS.enc.Utf8.parse(environment[\"Appkey\"]);\nvar strSalt = CryptoJS.enc.Base64.stringify(salt);\n\n//拼接字符串，并MD5加密\nvar strSign = \"POST\" + strPath + strContentSign + strTime + strSalt;\nvar md5StrJ = CryptoJS.MD5(strSign).toString();\n//console.log(md5StrJ);\n\n//将加密后的sign值设置到环境变量\npostman.setEnvironmentVariable(\"signRequest\",md5StrJ);",
			"tests": "tests[\"Status code is 200\"] = responseCode.code === 200;\n\nif(responseCode.code === 200){\n    if(responseBody.length !== 0){\n        var jsonData = JSON.parse(responseBody);\n        console.log(\"Response is： \" + responseBody);\n    }else{\n        console.log(\"The response is NULL!\");\n    }\n}else if(responseBody.has(\"errorCode\")){\n    //输出responseBody\n    console.log(responseBody);\n}",
			"currentHelper": "normal",
			"helperAttributes": {},
			"queryParams": null,
			"headerData": null,
			"pathVariableData": null,
			"collectionId": "86dc0a95-94a4-d396-e47d-b93ab575451b"
		}
	]
}