{
	"owner": "1218780",
	"lastUpdatedBy": "1218780",
	"lastRevision": 1846567098,
	"team": null,
	"id": "4fe792fd-c867-9cbb-d573-3d8691aeb7dc",
	"name": "API_Vivavideo_manyfollow_48_CN_0706",
	"description": "gl关注多个用户，脚本中是关注3个",
	"folders_order": [],
	"order": [
		"60c9886c-69b5-cec5-c27f-3046dfe11609",
		"2a045cf7-1dd8-ee8d-2c8f-d31e25a1aeb2",
		"071a728d-875f-149c-e25c-aa42a0fd0b44",
		"c0fc027a-011a-c278-9f6a-1cd657312d4c"
	],
	"requests": [
		{
			"folder": null,
			"id": "071a728d-875f-149c-e25c-aa42a0fd0b44",
			"name": "gb-取消关注2",
			"dataMode": "urlencoded",
			"data": [
				{
					"key": "a",
					"value": "gb",
					"type": "text",
					"enabled": true
				},
				{
					"key": "b",
					"value": "1.0",
					"type": "text",
					"enabled": true
				},
				{
					"key": "c",
					"value": "{{Appkey}}",
					"type": "text",
					"enabled": true
				},
				{
					"key": "d",
					"value": "VivaVideo_QaTest_Tony",
					"type": "text",
					"enabled": true
				},
				{
					"key": "e",
					"value": "{{DeviceID}}",
					"type": "text",
					"enabled": true
				},
				{
					"key": "f",
					"value": "{{VivaVideo_Auid}}",
					"type": "text",
					"enabled": true
				},
				{
					"key": "h",
					"value": "{{VivaVideo_UserToken}}",
					"type": "text",
					"enabled": true
				},
				{
					"key": "i",
					"value": "{\"a\":\"{{VivaVideo_thirdAuid2}}\"}",
					"type": "text",
					"enabled": true
				},
				{
					"key": "j",
					"value": "{{signRequest}}",
					"type": "text",
					"enabled": true
				},
				{
					"key": "k",
					"value": "{{OSVersion}}",
					"type": "text",
					"enabled": true
				},
				{
					"key": "l",
					"value": "{{CurrentTime}}",
					"type": "text",
					"enabled": true
				}
			],
			"rawModeData": null,
			"descriptionFormat": null,
			"description": "",
			"headers": "Content-Type: application/x-www-form-urlencoded\nAccept: application/json\n",
			"method": "POST",
			"pathVariables": {},
			"url": "{{VivaVideoUrl_hz_g}}/gb",
			"preRequestScript": "//将业务请求参数i对应的动态参数取出，赋值给strContentSign\nvar reqData = _.indexBy(request.data, \"key\"),\n    iContent = reqData[\"i\"].value;\n\nif(iContent.length !== 0){\n    var jsonContent=JSON.parse(iContent);\n\n    for (var a in jsonContent)\n    {\n        jsonContent[a]=String([jsonContent[a]]);\n        if(jsonContent[a].indexOf(\"{\")>=0)\n        {\n            var y1=jsonContent[a].indexOf(\"}\");\n            var y2=jsonContent[a].substring(2,y1);\n            jsonContent[a]=jsonContent[a].replace(jsonContent[a],environment[y2]);\n        }\n    }\n        var strContentSign=JSON.stringify(jsonContent);\n}else{\n    var strContentSign = \"\";\n}\n\nvar aPath = \"\";\n//如果方法名为1位，则直接赋值；如果不等于一位，则截取第一位；\nif(reqData[\"a\"].value.length === 1){\n    aPath = reqData[\"a\"].value;\n}else{\n    aPath = reqData[\"a\"].value.slice(0,1);\n}\n//拼接生成strPath字符串\nvar strPath = \"/api/rest/\" + aPath + \"/\" + reqData[\"a\"].value;\n\n//生成request中i对应的sign值，用于服务器校验\n//var strContentSign = request.data[\"i\"];\nvar strTime = globals.CurrentTime;\n\n//var strAppkey = environment[\"Appkey\"];   //需要再将此字符串经过Base64加密\n//将Appkey值转成salt值，并Base64加密\nvar salt = CryptoJS.enc.Utf8.parse(environment[\"Appkey\"]);\nvar strSalt = CryptoJS.enc.Base64.stringify(salt);\n\n//拼接字符串，并MD5加密\nvar strSign = \"POST\" + strPath + strContentSign + strTime + strSalt;\nvar md5StrJ = CryptoJS.MD5(strSign).toString();\n//console.log(md5StrJ);\n\n//将加密后的sign值设置到环境变量\npostman.setEnvironmentVariable(\"signRequest\",md5StrJ);",
			"tests": "tests[\"Status code is 200\"] = responseCode.code === 200;\n\nif(responseCode.code === 200){\n    if(responseBody.length !== 0){\n        console.log(\"Response is： \" + responseBody);\n    }else{\n        console.log(\"The response is NULL!\");\n    }\n}else if(responseBody.has(\"errorCode\")){\n    //输出responseBody\n    console.log(responseBody);\n}",
			"currentHelper": "normal",
			"helperAttributes": {},
			"queryParams": null,
			"headerData": null,
			"pathVariableData": null,
			"collectionId": "4fe792fd-c867-9cbb-d573-3d8691aeb7dc"
		},
		{
			"folder": null,
			"id": "2a045cf7-1dd8-ee8d-2c8f-d31e25a1aeb2",
			"name": "gb-取消关注1",
			"dataMode": "urlencoded",
			"data": [
				{
					"key": "a",
					"value": "gb",
					"type": "text",
					"enabled": true
				},
				{
					"key": "b",
					"value": "1.0",
					"type": "text",
					"enabled": true
				},
				{
					"key": "c",
					"value": "{{Appkey}}",
					"type": "text",
					"enabled": true
				},
				{
					"key": "d",
					"value": "VivaVideo_QaTest_Tony",
					"type": "text",
					"enabled": true
				},
				{
					"key": "e",
					"value": "{{DeviceID}}",
					"type": "text",
					"enabled": true
				},
				{
					"key": "f",
					"value": "{{VivaVideo_Auid}}",
					"type": "text",
					"enabled": true
				},
				{
					"key": "h",
					"value": "{{VivaVideo_UserToken}}",
					"type": "text",
					"enabled": true
				},
				{
					"key": "i",
					"value": "{\"a\":\"{{VivaVideo_thirdAuid1}}\"}",
					"type": "text",
					"enabled": true
				},
				{
					"key": "j",
					"value": "{{signRequest}}",
					"type": "text",
					"enabled": true
				},
				{
					"key": "k",
					"value": "{{OSVersion}}",
					"type": "text",
					"enabled": true
				},
				{
					"key": "l",
					"value": "{{CurrentTime}}",
					"type": "text",
					"enabled": true
				}
			],
			"rawModeData": null,
			"descriptionFormat": null,
			"description": "",
			"headers": "Content-Type: application/x-www-form-urlencoded\nAccept: application/json\n",
			"method": "POST",
			"pathVariables": {},
			"url": "{{VivaVideoUrl_hz_g}}/gb",
			"preRequestScript": "//将业务请求参数i对应的动态参数取出，赋值给strContentSign\nvar reqData = _.indexBy(request.data, \"key\"),\n    iContent = reqData[\"i\"].value;\n\nif(iContent.length !== 0){\n    var jsonContent=JSON.parse(iContent);\n\n    for (var a in jsonContent)\n    {\n        jsonContent[a]=String([jsonContent[a]]);\n        if(jsonContent[a].indexOf(\"{\")>=0)\n        {\n            var y1=jsonContent[a].indexOf(\"}\");\n            var y2=jsonContent[a].substring(2,y1);\n            jsonContent[a]=jsonContent[a].replace(jsonContent[a],environment[y2]);\n        }\n    }\n        var strContentSign=JSON.stringify(jsonContent);\n}else{\n    var strContentSign = \"\";\n}\n\nvar aPath = \"\";\n//如果方法名为1位，则直接赋值；如果不等于一位，则截取第一位；\nif(reqData[\"a\"].value.length === 1){\n    aPath = reqData[\"a\"].value;\n}else{\n    aPath = reqData[\"a\"].value.slice(0,1);\n}\n//拼接生成strPath字符串\nvar strPath = \"/api/rest/\" + aPath + \"/\" + reqData[\"a\"].value;\n\n//生成request中i对应的sign值，用于服务器校验\n//var strContentSign = request.data[\"i\"];\nvar strTime = globals.CurrentTime;\n\n//var strAppkey = environment[\"Appkey\"];   //需要再将此字符串经过Base64加密\n//将Appkey值转成salt值，并Base64加密\nvar salt = CryptoJS.enc.Utf8.parse(environment[\"Appkey\"]);\nvar strSalt = CryptoJS.enc.Base64.stringify(salt);\n\n//拼接字符串，并MD5加密\nvar strSign = \"POST\" + strPath + strContentSign + strTime + strSalt;\nvar md5StrJ = CryptoJS.MD5(strSign).toString();\n//console.log(md5StrJ);\n\n//将加密后的sign值设置到环境变量\npostman.setEnvironmentVariable(\"signRequest\",md5StrJ);",
			"tests": "tests[\"Status code is 200\"] = responseCode.code === 200;\n\nif(responseCode.code === 200){\n    if(responseBody.length !== 0){\n        console.log(\"Response is： \" + responseBody);\n    }else{\n        console.log(\"The response is NULL!\");\n    }\n}else if(responseBody.has(\"errorCode\")){\n    //输出responseBody\n    console.log(responseBody);\n}",
			"currentHelper": "normal",
			"helperAttributes": {},
			"queryParams": null,
			"headerData": null,
			"pathVariableData": null,
			"collectionId": "4fe792fd-c867-9cbb-d573-3d8691aeb7dc"
		},
		{
			"folder": null,
			"id": "60c9886c-69b5-cec5-c27f-3046dfe11609",
			"name": "gl-关注多个用户",
			"dataMode": "urlencoded",
			"data": [
				{
					"key": "a",
					"value": "gl",
					"type": "text",
					"enabled": true
				},
				{
					"key": "b",
					"value": "1.0",
					"type": "text",
					"enabled": true
				},
				{
					"key": "c",
					"value": "{{Appkey}}",
					"type": "text",
					"enabled": true
				},
				{
					"key": "d",
					"value": "VivaVideo_QaTest_Tony",
					"type": "text",
					"enabled": true
				},
				{
					"key": "e",
					"value": "{{DeviceID}}",
					"type": "text",
					"enabled": true
				},
				{
					"key": "f",
					"value": "{{VivaVideo_Auid}}",
					"type": "text",
					"enabled": true
				},
				{
					"key": "h",
					"value": "{{VivaVideo_UserToken}}",
					"type": "text",
					"enabled": true
				},
				{
					"key": "i",
					"value": "{\"a\":\"{{VivaVideo_thirdAuid1}},{{VivaVideo_thirdAuid2}},{{VivaVideo_thirdAuid3}}\"}",
					"type": "text",
					"enabled": true
				},
				{
					"key": "j",
					"value": "{{signRequest}}",
					"type": "text",
					"enabled": true
				},
				{
					"key": "k",
					"value": "{{OSVersion}}",
					"type": "text",
					"enabled": true
				},
				{
					"key": "l",
					"value": "{{CurrentTime}}",
					"type": "text",
					"enabled": true
				}
			],
			"rawModeData": null,
			"descriptionFormat": null,
			"description": "多个用户间用逗号分隔",
			"headers": "Content-Type: application/x-www-form-urlencoded\nAccept: application/json\n",
			"method": "POST",
			"pathVariables": {},
			"url": "{{VivaVideoUrl_hz_g}}/gl",
			"preRequestScript": "//将业务请求参数i对应的动态参数取出，赋值给strContentSign\nvar reqData = _.indexBy(request.data, \"key\"),\n    iContent = reqData[\"i\"].value;\n\n/*if(iContent.length !== 0){\n    var jsonContent=JSON.parse(iContent);\n\n    for (var a in jsonContent)\n    {\n        jsonContent[a]=String([jsonContent[a]]);\n        if(jsonContent[a].indexOf(\"{\")>=0)\n        {\n            var y1=jsonContent[a].indexOf(\"}\");\n            var y2=jsonContent[a].substring(2,y1);\n            jsonContent[a]=jsonContent[a].replace(jsonContent[a],environment[y2]);\n        }\n    }\n        var strContentSign=JSON.stringify(jsonContent);\n}else{\n    var strContentSign = \"\";\n}*/\n//拼装request中的i参数，双引号之前要加“\\”\nvar strContentSign = \"{\\\"a\\\":\\\"\" + environment[\"VivaVideo_thirdAuid1\"] + \",\" + environment[\"VivaVideo_thirdAuid2\"] + \",\" + environment[\"VivaVideo_thirdAuid3\"] + \"\\\"}\";\n\nvar aPath = \"\";\n//如果方法名为1位，则直接赋值；如果不等于一位，则截取第一位；\nif(reqData[\"a\"].value.length === 1){\n    aPath = reqData[\"a\"].value;\n}else{\n    aPath = reqData[\"a\"].value.slice(0,1);\n}\n//拼接生成strPath字符串\nvar strPath = \"/api/rest/\" + aPath + \"/\" + reqData[\"a\"].value;\n\n//生成request中i对应的sign值，用于服务器校验\n//var strContentSign = request.data[\"i\"];\nvar strTime = globals.CurrentTime;\n\n//var strAppkey = environment[\"Appkey\"];   //需要再将此字符串经过Base64加密\n//将Appkey值转成salt值，并Base64加密\nvar salt = CryptoJS.enc.Utf8.parse(environment[\"Appkey\"]);\nvar strSalt = CryptoJS.enc.Base64.stringify(salt);\n\n//拼接字符串，并MD5加密\nvar strSign = \"POST\" + strPath + strContentSign + strTime + strSalt;\nvar md5StrJ = CryptoJS.MD5(strSign).toString();\n//console.log(md5StrJ);\n\n//将加密后的sign值设置到环境变量\npostman.setEnvironmentVariable(\"signRequest\",md5StrJ);",
			"tests": "tests[\"Status code is 200\"] = responseCode.code === 200;\n\nif(responseBody.length !== 0){\n    if(responseBody.has(\"errorCode\")){\n        //输出responseBody\n        console.log(responseBody);\n    }else{\n        var jsonData = JSON.parse(responseBody);\n        for(var i = 0; i < jsonData.codes.length; i++){\n            if(jsonData.codes[i] === 150){\n                console.log(\"此用户已关注\");\n            }else{\n                console.log(\"关注成功\");\n            }\n        }\n    }\n}",
			"currentHelper": "normal",
			"helperAttributes": {},
			"queryParams": null,
			"headerData": null,
			"pathVariableData": null,
			"collectionId": "4fe792fd-c867-9cbb-d573-3d8691aeb7dc"
		},
		{
			"folder": null,
			"id": "c0fc027a-011a-c278-9f6a-1cd657312d4c",
			"name": "gb-取消关注3",
			"dataMode": "urlencoded",
			"data": [
				{
					"key": "a",
					"value": "gb",
					"type": "text",
					"enabled": true
				},
				{
					"key": "b",
					"value": "1.0",
					"type": "text",
					"enabled": true
				},
				{
					"key": "c",
					"value": "{{Appkey}}",
					"type": "text",
					"enabled": true
				},
				{
					"key": "d",
					"value": "VivaVideo_QaTest_Tony",
					"type": "text",
					"enabled": true
				},
				{
					"key": "e",
					"value": "{{DeviceID}}",
					"type": "text",
					"enabled": true
				},
				{
					"key": "f",
					"value": "{{VivaVideo_Auid}}",
					"type": "text",
					"enabled": true
				},
				{
					"key": "h",
					"value": "{{VivaVideo_UserToken}}",
					"type": "text",
					"enabled": true
				},
				{
					"key": "i",
					"value": "{\"a\":\"{{VivaVideo_thirdAuid3}}\"}",
					"type": "text",
					"enabled": true
				},
				{
					"key": "j",
					"value": "{{signRequest}}",
					"type": "text",
					"enabled": true
				},
				{
					"key": "k",
					"value": "{{OSVersion}}",
					"type": "text",
					"enabled": true
				},
				{
					"key": "l",
					"value": "{{CurrentTime}}",
					"type": "text",
					"enabled": true
				}
			],
			"rawModeData": null,
			"descriptionFormat": null,
			"description": "",
			"headers": "Content-Type: application/x-www-form-urlencoded\nAccept: application/json\n",
			"method": "POST",
			"pathVariables": {},
			"url": "{{VivaVideoUrl_hz_g}}/gb",
			"preRequestScript": "//将业务请求参数i对应的动态参数取出，赋值给strContentSign\nvar reqData = _.indexBy(request.data, \"key\"),\n    iContent = reqData[\"i\"].value;\n\nif(iContent.length !== 0){\n    var jsonContent=JSON.parse(iContent);\n\n    for (var a in jsonContent)\n    {\n        jsonContent[a]=String([jsonContent[a]]);\n        if(jsonContent[a].indexOf(\"{\")>=0)\n        {\n            var y1=jsonContent[a].indexOf(\"}\");\n            var y2=jsonContent[a].substring(2,y1);\n            jsonContent[a]=jsonContent[a].replace(jsonContent[a],environment[y2]);\n        }\n    }\n        var strContentSign=JSON.stringify(jsonContent);\n}else{\n    var strContentSign = \"\";\n}\n\nvar aPath = \"\";\n//如果方法名为1位，则直接赋值；如果不等于一位，则截取第一位；\nif(reqData[\"a\"].value.length === 1){\n    aPath = reqData[\"a\"].value;\n}else{\n    aPath = reqData[\"a\"].value.slice(0,1);\n}\n//拼接生成strPath字符串\nvar strPath = \"/api/rest/\" + aPath + \"/\" + reqData[\"a\"].value;\n\n//生成request中i对应的sign值，用于服务器校验\n//var strContentSign = request.data[\"i\"];\nvar strTime = globals.CurrentTime;\n\n//var strAppkey = environment[\"Appkey\"];   //需要再将此字符串经过Base64加密\n//将Appkey值转成salt值，并Base64加密\nvar salt = CryptoJS.enc.Utf8.parse(environment[\"Appkey\"]);\nvar strSalt = CryptoJS.enc.Base64.stringify(salt);\n\n//拼接字符串，并MD5加密\nvar strSign = \"POST\" + strPath + strContentSign + strTime + strSalt;\nvar md5StrJ = CryptoJS.MD5(strSign).toString();\n//console.log(md5StrJ);\n\n//将加密后的sign值设置到环境变量\npostman.setEnvironmentVariable(\"signRequest\",md5StrJ);",
			"tests": "tests[\"Status code is 200\"] = responseCode.code === 200;\n\nif(responseCode.code === 200){\n    if(responseBody.length !== 0){\n        console.log(\"Response is： \" + responseBody);\n    }else{\n        console.log(\"The response is NULL!\");\n    }\n}else if(responseBody.has(\"errorCode\")){\n    //输出responseBody\n    console.log(responseBody);\n}",
			"currentHelper": "normal",
			"helperAttributes": {},
			"queryParams": null,
			"headerData": null,
			"pathVariableData": null,
			"collectionId": "4fe792fd-c867-9cbb-d573-3d8691aeb7dc"
		}
	]
}