{
	"owner": "1218780",
	"lastUpdatedBy": "1218780",
	"lastRevision": 1846566936,
	"team": null,
	"id": "df8212be-e788-d9a6-019a-3941f07b7b12",
	"name": "API_Vivavideo_follow_100_CN_0706",
	"description": "每天最多关注100个人，没有去重",
	"folders_order": [],
	"order": [
		"344572e7-0aa2-a66d-f29f-0a994e7e92f1",
		"9d653d03-d47e-010b-f44b-2f7047888b82"
	],
	"requests": [
		{
			"folder": null,
			"id": "344572e7-0aa2-a66d-f29f-0a994e7e92f1",
			"name": "ga-添加关注",
			"dataMode": "urlencoded",
			"data": [
				{
					"key": "a",
					"value": "ga",
					"type": "text",
					"enabled": true
				},
				{
					"key": "b",
					"value": "1.0",
					"type": "text",
					"enabled": true
				},
				{
					"key": "c",
					"value": "{{Appkey}}",
					"type": "text",
					"enabled": true
				},
				{
					"key": "d",
					"value": "VivaVideo_QaTest_Tony",
					"type": "text",
					"enabled": true
				},
				{
					"key": "e",
					"value": "{{DeviceID}}",
					"type": "text",
					"enabled": true
				},
				{
					"key": "f",
					"value": "{{VivaVideo_Auid}}",
					"type": "text",
					"enabled": true
				},
				{
					"key": "h",
					"value": "{{VivaVideo_UserToken}}",
					"type": "text",
					"enabled": true
				},
				{
					"key": "i",
					"value": "{\"a\":\"{{VivaVideo_thirdAuid}}\"}",
					"type": "text",
					"enabled": true
				},
				{
					"key": "j",
					"value": "{{signRequest}}",
					"type": "text",
					"enabled": true
				},
				{
					"key": "k",
					"value": "{{OSVersion}}",
					"type": "text",
					"enabled": true
				},
				{
					"key": "l",
					"value": "{{CurrentTime}}",
					"type": "text",
					"enabled": true
				}
			],
			"rawModeData": null,
			"descriptionFormat": null,
			"description": "",
			"headers": "Content-Type: application/x-www-form-urlencoded\nAccept: application/json\n",
			"method": "POST",
			"pathVariables": {},
			"url": "{{VivaVideoUrl_hz_g}}/ga",
			"preRequestScript": "//将业务请求参数i对应的动态参数取出，赋值给strContentSign\nvar reqData = _.indexBy(request.data, \"key\"),\n    iContent = reqData[\"i\"].value;\n\nif(iContent.length !== 0){\n    var jsonContent=JSON.parse(iContent);\n\n    for (var a in jsonContent)\n    {\n        jsonContent[a]=String([jsonContent[a]]);\n        if(jsonContent[a].indexOf(\"{\")>=0)\n        {\n            var y1=jsonContent[a].indexOf(\"}\");\n            var y2=jsonContent[a].substring(2,y1);\n            jsonContent[a]=jsonContent[a].replace(jsonContent[a],environment[y2]);\n        }\n    }\n        var strContentSign=JSON.stringify(jsonContent);\n}else{\n    var strContentSign = \"\";\n}\n\nvar aPath = \"\";\n//如果方法名为1位，则直接赋值；如果不等于一位，则截取第一位；\nif(reqData[\"a\"].value.length === 1){\n    aPath = reqData[\"a\"].value;\n}else{\n    aPath = reqData[\"a\"].value.slice(0,1);\n}\n//拼接生成strPath字符串\nvar strPath = \"/api/rest/\" + aPath + \"/\" + reqData[\"a\"].value;\n\n//生成request中i对应的sign值，用于服务器校验\n//var strContentSign = request.data[\"i\"];\nvar strTime = globals.CurrentTime;\n\n//var strAppkey = environment[\"Appkey\"];   //需要再将此字符串经过Base64加密\n//将Appkey值转成salt值，并Base64加密\nvar salt = CryptoJS.enc.Utf8.parse(environment[\"Appkey\"]);\nvar strSalt = CryptoJS.enc.Base64.stringify(salt);\n\n//拼接字符串，并MD5加密\nvar strSign = \"POST\" + strPath + strContentSign + strTime + strSalt;\nvar md5StrJ = CryptoJS.MD5(strSign).toString();\n//console.log(md5StrJ);\n\n//将加密后的sign值设置到环境变量\npostman.setEnvironmentVariable(\"signRequest\",md5StrJ);",
			"tests": "if(responseBody.length !== 0){\n    var jsonData = JSON.parse(responseBody)\n    //以下步骤用于判断此用户是否已关注\n    if(responseCode.code === 500 & \"errorCode\" in jsonData){\n        if(jsonData.errorCode === \"150\"){\n            tests[\"请求成功，已关注\"] = true;\n        }else{\n            tests[\"请求成功，已关注\"] = false;\n        }\n        //输出responseBody\n        console.log(responseBody);\n    }else{\n        tests[\"Status code is 200\"] = responseCode.code === 200;\n    }\n    console.log(\"Response is： \" + responseBody);\n}else{\n    console.log(\"The response is NULL!\");\n}",
			"currentHelper": "normal",
			"helperAttributes": {},
			"queryParams": null,
			"headerData": null,
			"pathVariableData": null,
			"collectionId": "df8212be-e788-d9a6-019a-3941f07b7b12"
		},
		{
			"folder": null,
			"id": "9d653d03-d47e-010b-f44b-2f7047888b82",
			"name": "gb-取消关注",
			"dataMode": "urlencoded",
			"data": [
				{
					"key": "a",
					"value": "gb",
					"type": "text",
					"enabled": true
				},
				{
					"key": "b",
					"value": "1.0",
					"type": "text",
					"enabled": true
				},
				{
					"key": "c",
					"value": "{{Appkey}}",
					"type": "text",
					"enabled": true
				},
				{
					"key": "d",
					"value": "VivaVideo_QaTest_Tony",
					"type": "text",
					"enabled": true
				},
				{
					"key": "e",
					"value": "{{DeviceID}}",
					"type": "text",
					"enabled": true
				},
				{
					"key": "f",
					"value": "{{VivaVideo_Auid}}",
					"type": "text",
					"enabled": true
				},
				{
					"key": "h",
					"value": "{{VivaVideo_UserToken}}",
					"type": "text",
					"enabled": true
				},
				{
					"key": "i",
					"value": "{\"a\":\"{{VivaVideo_thirdAuid}}\"}",
					"type": "text",
					"enabled": true
				},
				{
					"key": "j",
					"value": "{{signRequest}}",
					"type": "text",
					"enabled": true
				},
				{
					"key": "k",
					"value": "{{OSVersion}}",
					"type": "text",
					"enabled": true
				},
				{
					"key": "l",
					"value": "{{CurrentTime}}",
					"type": "text",
					"enabled": true
				}
			],
			"rawModeData": null,
			"descriptionFormat": null,
			"description": "",
			"headers": "Content-Type: application/x-www-form-urlencoded\nAccept: application/json\n",
			"method": "POST",
			"pathVariables": {},
			"url": "{{VivaVideoUrl_hz_g}}/gb",
			"preRequestScript": "//将业务请求参数i对应的动态参数取出，赋值给strContentSign\nvar reqData = _.indexBy(request.data, \"key\"),\n    iContent = reqData[\"i\"].value;\n\nif(iContent.length !== 0){\n    var jsonContent=JSON.parse(iContent);\n\n    for (var a in jsonContent)\n    {\n        jsonContent[a]=String([jsonContent[a]]);\n        if(jsonContent[a].indexOf(\"{\")>=0)\n        {\n            var y1=jsonContent[a].indexOf(\"}\");\n            var y2=jsonContent[a].substring(2,y1);\n            jsonContent[a]=jsonContent[a].replace(jsonContent[a],environment[y2]);\n        }\n    }\n        var strContentSign=JSON.stringify(jsonContent);\n}else{\n    var strContentSign = \"\";\n}\n\nvar aPath = \"\";\n//如果方法名为1位，则直接赋值；如果不等于一位，则截取第一位；\nif(reqData[\"a\"].value.length === 1){\n    aPath = reqData[\"a\"].value;\n}else{\n    aPath = reqData[\"a\"].value.slice(0,1);\n}\n//拼接生成strPath字符串\nvar strPath = \"/api/rest/\" + aPath + \"/\" + reqData[\"a\"].value;\n\n//生成request中i对应的sign值，用于服务器校验\n//var strContentSign = request.data[\"i\"];\nvar strTime = globals.CurrentTime;\n\n//var strAppkey = environment[\"Appkey\"];   //需要再将此字符串经过Base64加密\n//将Appkey值转成salt值，并Base64加密\nvar salt = CryptoJS.enc.Utf8.parse(environment[\"Appkey\"]);\nvar strSalt = CryptoJS.enc.Base64.stringify(salt);\n\n//拼接字符串，并MD5加密\nvar strSign = \"POST\" + strPath + strContentSign + strTime + strSalt;\nvar md5StrJ = CryptoJS.MD5(strSign).toString();\n//console.log(md5StrJ);\n\n//将加密后的sign值设置到环境变量\npostman.setEnvironmentVariable(\"signRequest\",md5StrJ);",
			"tests": "tests[\"Status code is 200\"] = responseCode.code === 200;\n\nif(responseCode.code === 200){\n    if(responseBody.length !== 0){\n        console.log(\"Response is： \" + responseBody);\n    }else{\n        console.log(\"The response is NULL!\");\n    }\n}else if(responseBody.has(\"errorCode\")){\n    //输出responseBody\n    console.log(responseBody);\n}",
			"currentHelper": "normal",
			"helperAttributes": {},
			"queryParams": null,
			"headerData": null,
			"pathVariableData": null,
			"collectionId": "df8212be-e788-d9a6-019a-3941f07b7b12"
		}
	]
}