{
	"owner": "1218780",
	"lastUpdatedBy": "1218780",
	"lastRevision": 1846567235,
	"team": null,
	"id": "e2227c82-8727-f02d-b272-42aca8a891cc",
	"name": "API_Vivavideo_videoUpload_24_CN_0706",
	"description": "单独抽出此部分，是因为单个用户的视频上传申请次数在1.8万左右时，缓存过大，导致服务器出现错误；\n故：1、降低此部分的请求频率，暂时每60分钟一次；\n2、换成另一个账号测试，nickname=小小小小背影\nauiddigest=7vhzl\nauid=4858751\naccount_name=F8C9897FF8E546503EF7E213DC5100BA",
	"folders_order": [],
	"order": [
		"ba5e8c67-8803-4691-c506-bdb17c51c9b6",
		"775d6639-e6e8-716f-3045-54644841ced0",
		"4fee4292-97f0-78f2-4bb9-8f6966b61dc5",
		"ed4ec379-ec17-7935-4fae-b9f832b6c288",
		"9ca637ac-f300-5925-d5dc-bd43e0b8c695"
	],
	"requests": [
		{
			"folder": null,
			"id": "4fee4292-97f0-78f2-4bb9-8f6966b61dc5",
			"name": "vd-视频发布申请",
			"dataMode": "urlencoded",
			"data": [
				{
					"key": "a",
					"value": "vd",
					"type": "text",
					"enabled": true
				},
				{
					"key": "b",
					"value": "1.0",
					"type": "text",
					"enabled": true
				},
				{
					"key": "c",
					"value": "{{Appkey}}",
					"type": "text",
					"enabled": true
				},
				{
					"key": "d",
					"value": "VivaVideo_QaTest_Tony",
					"type": "text",
					"enabled": true
				},
				{
					"key": "e",
					"value": "{{DeviceID}}",
					"type": "text",
					"enabled": true
				},
				{
					"key": "f",
					"value": "{{VivaVideo_Auid}}",
					"type": "text",
					"enabled": true
				},
				{
					"key": "h",
					"value": "{{VivaVideo_UserToken}}",
					"type": "text",
					"enabled": true
				},
				{
					"key": "i",
					"value": "{\"a\":\"{{puid}}\",\"b\":\"{{pversion}}\",\"c\":\"Test0307\",\"d\":\"20170307130010\",\"e\":{\"a\":\"0\",\"b\":\"\",\"c\":\"\",\"d\":\"0.000000\",\"e\":\"0.000000\",\"f\":\"0.000000\"},\"k\":\"0306测试描述\",\"l\":\"0\",\"m\":\"5\",\"n\":\"1\",\"o\":\"1\",\"p\":\"\",\"q\":\"\",\"r\":\"{{vuid}}\",\"s\":\"{{ctuid}}\",\"t\":\"{{ptuid}}\",\"u\":\"00:10\",\"v\":{\"a\":\"\",\"b\":\"\"},\"w\":\"1\"}",
					"type": "text",
					"enabled": true
				},
				{
					"key": "j",
					"value": "{{signRequest}}",
					"type": "text",
					"enabled": true
				},
				{
					"key": "k",
					"value": "{{OSVersion}}",
					"type": "text",
					"enabled": true
				},
				{
					"key": "l",
					"value": "{{CurrentTime}}",
					"type": "text",
					"enabled": true
				}
			],
			"rawModeData": null,
			"descriptionFormat": null,
			"description": "vuid：上传视频ID\nctuid：封面ID\nptuid：海报ID\n以上请求参数需从vb接口中获取\n\n业务参数说明：\ne/a：地图服务商类型0：百度；1：google",
			"headers": "Content-Type: application/x-www-form-urlencoded\nAccept: application/json\n",
			"method": "POST",
			"pathVariables": {},
			"url": "{{VivaVideoUrl_hz_v}}/vd",
			"preRequestScript": "//将业务请求参数i对应的动态参数取出，赋值给strContentSign\nvar reqData = _.indexBy(request.data, \"key\"),\n    iContent = reqData[\"i\"].value;\n    \nif(iContent.length !== 0){\n    var jsonContent=JSON.parse(iContent);\n    for (var a in jsonContent){\n        if(typeof(jsonContent[a])=='string' ){\n            if(jsonContent[a].indexOf(\"{\")>=0){\n                var y1=jsonContent[a].indexOf(\"}\");\n                var y2=jsonContent[a].substring(2,y1);\n                jsonContent[a]=jsonContent[a].replace(jsonContent[a],environment[y2]);\n            }\n        }\n        else if(typeof(jsonContent[a]=='array')){\n            for(var d=0;d<jsonContent[a].length;d++){\n                var person2=JSON.stringify(jsonContent[a][d]);\n                var person3=String(person2);\n                var person4=JSON.parse(person3);\n                for(var c in person4){\n                    if(typeof(person4[c]=='string')){\n                        if(person4[c].indexOf(\"{\")>=0){\n                            var y4=person4[c].indexOf(\"{\");\n                            var y5=person4[c].indexOf(\"}\");\n                            var y6=person4[c].substring(y4+2,y5);\n                            person4[c]=person4[c].replace(person4[c].substring(y4,y5+2),environment[y6]);\n                        }\n                    }\n                }\n                jsonContent[a][d]=JSON.stringify(person4);\n                jsonContent[a][d]=JSON.parse(jsonContent[a][d]);\n            }\n        }\n    } \n    var strContentSign=JSON.stringify(jsonContent);\n    console.log(strContentSign);\n}else{\n    var strContentSign = \"\";\n}\n\nvar aPath = \"\";\n//如果方法名为1位，则直接赋值；如果不等于一位，则截取第一位；\nif(reqData[\"a\"].value.length === 1){\n    aPath = reqData[\"a\"].value;\n}else{\n    aPath = reqData[\"a\"].value.slice(0,1);\n}\n//拼接生成strPath字符串\nvar strPath = \"/api/rest/\" + aPath + \"/\" + reqData[\"a\"].value;\n\n//生成request中i对应的sign值，用于服务器校验\n//var strContentSign = request.data[\"i\"];\nvar strTime = globals.CurrentTime;\n\n//var strAppkey = environment[\"Appkey\"];   //需要再将此字符串经过Base64加密\n//将Appkey值转成salt值，并Base64加密\nvar salt = CryptoJS.enc.Utf8.parse(environment[\"Appkey\"]);\nvar strSalt = CryptoJS.enc.Base64.stringify(salt);\n\n//拼接字符串，并MD5加密\nvar strSign = \"POST\" + strPath + strContentSign + strTime + strSalt;\nvar md5StrJ = CryptoJS.MD5(strSign).toString();\nconsole.log(md5StrJ);\n\n//将加密后的sign值设置到环境变量\npostman.setEnvironmentVariable(\"signRequest\",md5StrJ);",
			"tests": "tests[\"Status code is 200\"] = responseCode.code === 200;\n\nif(responseBody.has(\"errorCode\")){\n    //输出responseBody\n    console.log(responseBody);\n}",
			"currentHelper": "normal",
			"helperAttributes": {},
			"queryParams": null,
			"headerData": null,
			"pathVariableData": null,
			"collectionId": "e2227c82-8727-f02d-b272-42aca8a891cc"
		},
		{
			"folder": null,
			"id": "775d6639-e6e8-716f-3045-54644841ced0",
			"name": "vb-申请上传文件",
			"dataMode": "urlencoded",
			"data": [
				{
					"key": "a",
					"value": "vb",
					"type": "text",
					"enabled": true
				},
				{
					"key": "b",
					"value": "1.0",
					"type": "text",
					"enabled": true
				},
				{
					"key": "c",
					"value": "{{Appkey}}",
					"type": "text",
					"enabled": true
				},
				{
					"key": "d",
					"value": "VivaVideo_QaTest_Tony",
					"type": "text",
					"enabled": true
				},
				{
					"key": "e",
					"value": "{{DeviceID}}",
					"type": "text",
					"enabled": true
				},
				{
					"key": "f",
					"value": "{{VivaVideo_Auid}}",
					"type": "text",
					"enabled": true
				},
				{
					"key": "h",
					"value": "{{VivaVideo_UserToken}}",
					"type": "text",
					"enabled": true
				},
				{
					"key": "i",
					"value": "{\"a\":\"{{puid}}\",\"b\":\"{{pversion}}\",\"c\":[{\"a\":\"3\",\"b\":\"Test0306\",\"c\":\"MP4\",\"d\":\"a058b864cee4e59c9068d0810778eae7\",\"e\":\"128048\",\"f\":\"00:10\",\"g\":\"640\",\"h\":\"480\"},{\"a\":\"4\",\"b\":\"fengmian01\",\"c\":\"JPG\",\"d\":\"b058b864cee4e59c9068d0810778eae8\",\"e\":\"3580\",\"f\":\"\",\"g\":\"640\",\"h\":\"480\"},{\"a\":\"5\",\"b\":\"haibao01\",\"c\":\"PNG\",\"d\":\"c058b864cee4e59c9068d0810778eae9\",\"e\":\"3580\",\"f\":\"\",\"g\":\"640\",\"h\":\"480\"}]}",
					"type": "text",
					"enabled": true
				},
				{
					"key": "j",
					"value": "{{signRequest}}",
					"type": "text",
					"enabled": true
				},
				{
					"key": "k",
					"value": "{{OSVersion}}",
					"type": "text",
					"enabled": true
				},
				{
					"key": "l",
					"value": "{{CurrentTime}}",
					"type": "text",
					"enabled": true
				}
			],
			"rawModeData": null,
			"descriptionFormat": null,
			"description": "i参数中的c/a中参数说明：\n2：工程文件\n3：上传视频合成文件\n4：封面\n5：海报\n6：关键帧\n7：书签\n3/4/5必须得传，用于获取下面的对应的ID\n\n参数说明：\nvuid：上传视频ID\nctuid：封面ID\nptuid：海报ID",
			"headers": "Content-Type: application/x-www-form-urlencoded\nAccept: application/json\n",
			"method": "POST",
			"pathVariables": {},
			"url": "{{VivaVideoUrl_hz_v}}/vb",
			"preRequestScript": "//将业务请求参数i对应的动态参数取出，赋值给strContentSign\nvar reqData = _.indexBy(request.data, \"key\"),\n    iContent = reqData[\"i\"].value;\n    \nif(iContent.length !== 0){\n    var jsonContent=JSON.parse(iContent);\n    for (var a in jsonContent){\n        if(typeof(jsonContent[a])=='string' ){\n            if(jsonContent[a].indexOf(\"{\")>=0){\n                var y1=jsonContent[a].indexOf(\"}\");\n                var y2=jsonContent[a].substring(2,y1);\n                jsonContent[a]=jsonContent[a].replace(jsonContent[a],environment[y2]);\n            }\n        }\n        else if(typeof(jsonContent[a]=='array')){\n            for(var d=0;d<jsonContent[a].length;d++){\n                var person2=JSON.stringify(jsonContent[a][d]);\n                var person3=String(person2);\n                var person4=JSON.parse(person3);\n                for(var c in person4){\n                    if(typeof(person4[c]=='string')){\n                        if(person4[c].indexOf(\"{\")>=0){\n                            var y4=person4[c].indexOf(\"{\");\n                            var y5=person4[c].indexOf(\"}\");\n                            var y6=person4[c].substring(y4+2,y5);\n                            person4[c]=person4[c].replace(person4[c].substring(y4,y5+2),environment[y6]);\n                        }\n                    }\n                }\n                jsonContent[a][d]=JSON.stringify(person4);\n                jsonContent[a][d]=JSON.parse(jsonContent[a][d]);\n            }\n        }\n    } \n    var strContentSign=JSON.stringify(jsonContent);\n    console.log(strContentSign);\n}else{\n    var strContentSign = \"\";\n}\n\nvar aPath = \"\";\n//如果方法名为1位，则直接赋值；如果不等于一位，则截取第一位；\nif(reqData[\"a\"].value.length === 1){\n    aPath = reqData[\"a\"].value;\n}else{\n    aPath = reqData[\"a\"].value.slice(0,1);\n}\n//拼接生成strPath字符串\nvar strPath = \"/api/rest/\" + aPath + \"/\" + reqData[\"a\"].value;\n\n//生成request中i对应的sign值，用于服务器校验\n//var strContentSign = request.data[\"i\"];\nvar strTime = globals.CurrentTime;\n\n//var strAppkey = environment[\"Appkey\"];   //需要再将此字符串经过Base64加密\n//将Appkey值转成salt值，并Base64加密\nvar salt = CryptoJS.enc.Utf8.parse(environment[\"Appkey\"]);\nvar strSalt = CryptoJS.enc.Base64.stringify(salt);\n\n//拼接字符串，并MD5加密\nvar strSign = \"POST\" + strPath + strContentSign + strTime + strSalt;\nvar md5StrJ = CryptoJS.MD5(strSign).toString();\nconsole.log(md5StrJ);\n\n//将加密后的sign值设置到环境变量\npostman.setEnvironmentVariable(\"signRequest\",md5StrJ);",
			"tests": "tests[\"Status code is 200\"] = responseCode.code === 200;\n\nvar jsonData = JSON.parse(responseBody);\n\nif(responseCode.code === 200){\n    if(jsonData.length !== 0){\n        //顺次将对应的视频、封面、海报的ID，设置到对应的环境变量\n        if(jsonData.c[0].a == 3){\n            postman.setEnvironmentVariable(\"vuid\", jsonData.c[0].b);\n        }\n        if(jsonData.c[1].a == 4){\n            postman.setEnvironmentVariable(\"ctuid\", jsonData.c[1].b);\n        }\n        if(jsonData.c[2].a == 5){\n            postman.setEnvironmentVariable(\"ptuid\", jsonData.c[2].b);\n        }\n    }\n}else if(responseBody.has(\"errorCode\")){\n    //输出responseBody\n    console.log(responseBody);\n}",
			"currentHelper": "normal",
			"helperAttributes": {},
			"queryParams": null,
			"headerData": null,
			"pathVariableData": null,
			"collectionId": "e2227c82-8727-f02d-b272-42aca8a891cc"
		},
		{
			"folder": null,
			"id": "9ca637ac-f300-5925-d5dc-bd43e0b8c695",
			"name": "vf-视频发布取消申请",
			"dataMode": "urlencoded",
			"data": [
				{
					"key": "a",
					"value": "vf",
					"type": "text",
					"enabled": true
				},
				{
					"key": "b",
					"value": "1.0",
					"type": "text",
					"enabled": true
				},
				{
					"key": "c",
					"value": "{{Appkey}}",
					"type": "text",
					"enabled": true
				},
				{
					"key": "d",
					"value": "VivaVideo_QaTest_Tony",
					"type": "text",
					"enabled": true
				},
				{
					"key": "e",
					"value": "{{DeviceID}}",
					"type": "text",
					"enabled": true
				},
				{
					"key": "f",
					"value": "{{VivaVideo_Auid}}",
					"type": "text",
					"enabled": true
				},
				{
					"key": "h",
					"value": "{{VivaVideo_UserToken}}",
					"type": "text",
					"enabled": true
				},
				{
					"key": "i",
					"value": "{\"a\":\"{{puid}}\",\"b\":\"{{pversion}}\"}",
					"type": "text",
					"enabled": true
				},
				{
					"key": "j",
					"value": "{{signRequest}}",
					"type": "text",
					"enabled": true
				},
				{
					"key": "k",
					"value": "{{OSVersion}}",
					"type": "text",
					"enabled": true
				},
				{
					"key": "l",
					"value": "{{CurrentTime}}",
					"type": "text",
					"enabled": true
				}
			],
			"rawModeData": null,
			"descriptionFormat": null,
			"description": "",
			"headers": "Content-Type: application/x-www-form-urlencoded\nAccept: application/json\n",
			"method": "POST",
			"pathVariables": {},
			"url": "{{VivaVideoUrl_hz_v}}/vf",
			"preRequestScript": "//将业务请求参数i对应的动态参数取出，赋值给strContentSign\nvar reqData = _.indexBy(request.data, \"key\"),\n    iContent = reqData[\"i\"].value;\n\nif(iContent.length !== 0){\n    var jsonContent=JSON.parse(iContent);\n\n    for (var a in jsonContent)\n    {\n        jsonContent[a]=String([jsonContent[a]]);\n        if(jsonContent[a].indexOf(\"{\")>=0)\n        {\n            var y1=jsonContent[a].indexOf(\"}\");\n            var y2=jsonContent[a].substring(2,y1);\n            jsonContent[a]=jsonContent[a].replace(jsonContent[a],environment[y2]);\n        }\n    }\n        var strContentSign=JSON.stringify(jsonContent);\n}else{\n    var strContentSign = \"\";\n}\n\nvar aPath = \"\";\n//如果方法名为1位，则直接赋值；如果不等于一位，则截取第一位；\nif(reqData[\"a\"].value.length === 1){\n    aPath = reqData[\"a\"].value;\n}else{\n    aPath = reqData[\"a\"].value.slice(0,1);\n}\n//拼接生成strPath字符串\nvar strPath = \"/api/rest/\" + aPath + \"/\" + reqData[\"a\"].value;\n\n//生成request中i对应的sign值，用于服务器校验\n//var strContentSign = request.data[\"i\"];\nvar strTime = globals.CurrentTime;\n\n//var strAppkey = environment[\"Appkey\"];   //需要再将此字符串经过Base64加密\n//将Appkey值转成salt值，并Base64加密\nvar salt = CryptoJS.enc.Utf8.parse(environment[\"Appkey\"]);\nvar strSalt = CryptoJS.enc.Base64.stringify(salt);\n\n//拼接字符串，并MD5加密\nvar strSign = \"POST\" + strPath + strContentSign + strTime + strSalt;\nvar md5StrJ = CryptoJS.MD5(strSign).toString();\n//console.log(md5StrJ);\n\n//将加密后的sign值设置到环境变量\npostman.setEnvironmentVariable(\"signRequest\",md5StrJ);",
			"tests": "tests[\"Status code is 200\"] = responseCode.code === 200;\n\nif(responseBody.has(\"errorCode\")){\n    //输出responseBody\n    console.log(responseBody);\n}",
			"currentHelper": "normal",
			"helperAttributes": {},
			"queryParams": null,
			"headerData": null,
			"pathVariableData": null,
			"collectionId": "e2227c82-8727-f02d-b272-42aca8a891cc"
		},
		{
			"folder": null,
			"id": "ba5e8c67-8803-4691-c506-bdb17c51c9b6",
			"name": "va-申请工程编号、版本",
			"dataMode": "urlencoded",
			"data": [
				{
					"key": "a",
					"value": "va",
					"type": "text",
					"enabled": true
				},
				{
					"key": "b",
					"value": "1.0",
					"type": "text",
					"enabled": true
				},
				{
					"key": "c",
					"value": "{{Appkey}}",
					"type": "text",
					"enabled": true
				},
				{
					"key": "d",
					"value": "VivaVideo_QaTest_Tony",
					"type": "text",
					"enabled": true
				},
				{
					"key": "e",
					"value": "{{DeviceID}}",
					"type": "text",
					"enabled": true
				},
				{
					"key": "f",
					"value": "{{VivaVideo_Auid}}",
					"type": "text",
					"enabled": true
				},
				{
					"key": "h",
					"value": "{{VivaVideo_UserToken}}",
					"type": "text",
					"enabled": true
				},
				{
					"key": "i",
					"value": "{\"a\":\"测试第N部作品\",\"b\":\"\"}",
					"type": "text",
					"enabled": true
				},
				{
					"key": "j",
					"value": "{{signRequest}}",
					"type": "text",
					"enabled": true
				},
				{
					"key": "k",
					"value": "{{OSVersion}}",
					"type": "text",
					"enabled": true
				},
				{
					"key": "l",
					"value": "{{CurrentTime}}",
					"type": "text",
					"enabled": true
				}
			],
			"rawModeData": null,
			"descriptionFormat": null,
			"description": "puid：上传的工程的id",
			"headers": "Content-Type: application/x-www-form-urlencoded\nAccept: application/json\n",
			"method": "POST",
			"pathVariables": {},
			"url": "{{VivaVideoUrl_hz_v}}/va",
			"preRequestScript": "//将业务请求参数i对应的动态参数取出，赋值给strContentSign\nvar reqData = _.indexBy(request.data, \"key\"),\n    iContent = reqData[\"i\"].value;\n\nif(iContent.length !== 0){\n    var jsonContent=JSON.parse(iContent);\n\n    for (var a in jsonContent)\n    {\n        jsonContent[a]=String([jsonContent[a]]);\n        if(jsonContent[a].indexOf(\"{\")>=0)\n        {\n            var y1=jsonContent[a].indexOf(\"}\");\n            var y2=jsonContent[a].substring(2,y1);\n            jsonContent[a]=jsonContent[a].replace(jsonContent[a],environment[y2]);\n        }\n    }\n        var strContentSign=JSON.stringify(jsonContent);\n}else{\n    var strContentSign = \"\";\n}\n\nvar aPath = \"\";\n//如果方法名为1位，则直接赋值；如果不等于一位，则截取第一位；\nif(reqData[\"a\"].value.length === 1){\n    aPath = reqData[\"a\"].value;\n}else{\n    aPath = reqData[\"a\"].value.slice(0,1);\n}\n//拼接生成strPath字符串\nvar strPath = \"/api/rest/\" + aPath + \"/\" + reqData[\"a\"].value;\n\n//生成request中i对应的sign值，用于服务器校验\n//var strContentSign = request.data[\"i\"];\nvar strTime = globals.CurrentTime;\n\n//var strAppkey = environment[\"Appkey\"];   //需要再将此字符串经过Base64加密\n//将Appkey值转成salt值，并Base64加密\nvar salt = CryptoJS.enc.Utf8.parse(environment[\"Appkey\"]);\nvar strSalt = CryptoJS.enc.Base64.stringify(salt);\n\n//拼接字符串，并MD5加密\nvar strSign = \"POST\" + strPath + strContentSign + strTime + strSalt;\nvar md5StrJ = CryptoJS.MD5(strSign).toString();\n//console.log(md5StrJ);\n\n//将加密后的sign值设置到环境变量\npostman.setEnvironmentVariable(\"signRequest\",md5StrJ);",
			"tests": "tests[\"Status code is 200\"] = responseCode.code === 200;\n\nif(responseCode.code === 200){\n    var jsonData = JSON.parse(responseBody);\n    if(jsonData.length !== 0){\n        postman.setEnvironmentVariable(\"puid\", jsonData.a);\n        postman.setEnvironmentVariable(\"pversion\", jsonData.b);\n    }\n}else if(responseBody.has(\"errorCode\")){\n    //输出responseBody\n    console.log(responseBody);\n}",
			"currentHelper": "normal",
			"helperAttributes": {},
			"queryParams": null,
			"headerData": null,
			"pathVariableData": null,
			"collectionId": "e2227c82-8727-f02d-b272-42aca8a891cc"
		},
		{
			"folder": null,
			"id": "ed4ec379-ec17-7935-4fae-b9f832b6c288",
			"name": "ve-视频发布状态查询",
			"dataMode": "urlencoded",
			"data": [
				{
					"key": "a",
					"value": "ve",
					"type": "text",
					"enabled": true
				},
				{
					"key": "b",
					"value": "1.0",
					"type": "text",
					"enabled": true
				},
				{
					"key": "c",
					"value": "{{Appkey}}",
					"type": "text",
					"enabled": true
				},
				{
					"key": "d",
					"value": "VivaVideo_QaTest_Tony",
					"type": "text",
					"enabled": true
				},
				{
					"key": "e",
					"value": "{{DeviceID}}",
					"type": "text",
					"enabled": true
				},
				{
					"key": "f",
					"value": "{{VivaVideo_Auid}}",
					"type": "text",
					"enabled": true
				},
				{
					"key": "h",
					"value": "{{VivaVideo_UserToken}}",
					"type": "text",
					"enabled": true
				},
				{
					"key": "i",
					"value": "{\"a\":\"{{thirdPuid}}\",\"b\":\"1\"}",
					"type": "text",
					"enabled": true
				},
				{
					"key": "j",
					"value": "{{signRequest}}",
					"type": "text",
					"enabled": true
				},
				{
					"key": "k",
					"value": "{{OSVersion}}",
					"type": "text",
					"enabled": true
				},
				{
					"key": "l",
					"value": "{{CurrentTime}}",
					"type": "text",
					"enabled": true
				}
			],
			"rawModeData": null,
			"descriptionFormat": null,
			"description": "返回参数说明：\nc:\n0：未发布 1：发布中 2：发布完成 3：发布失败 4：取消发布 5：禁用 6：删除\n\nd：\n0：未审核 1：审核通过 2：审核不通过",
			"headers": "Content-Type: application/x-www-form-urlencoded\nAccept: application/json\n",
			"method": "POST",
			"pathVariables": {},
			"url": "{{VivaVideoUrl_hz_v}}/ve",
			"preRequestScript": "//将业务请求参数i对应的动态参数取出，赋值给strContentSign\nvar reqData = _.indexBy(request.data, \"key\"),\n    iContent = reqData[\"i\"].value;\n\nif(iContent.length !== 0){\n    var jsonContent=JSON.parse(iContent);\n\n    for (var a in jsonContent)\n    {\n        jsonContent[a]=String([jsonContent[a]]);\n        if(jsonContent[a].indexOf(\"{\")>=0)\n        {\n            var y1=jsonContent[a].indexOf(\"}\");\n            var y2=jsonContent[a].substring(2,y1);\n            jsonContent[a]=jsonContent[a].replace(jsonContent[a],environment[y2]);\n        }\n    }\n        var strContentSign=JSON.stringify(jsonContent);\n}else{\n    var strContentSign = \"\";\n}\n\nvar aPath = \"\";\n//如果方法名为1位，则直接赋值；如果不等于一位，则截取第一位；\nif(reqData[\"a\"].value.length === 1){\n    aPath = reqData[\"a\"].value;\n}else{\n    aPath = reqData[\"a\"].value.slice(0,1);\n}\n//拼接生成strPath字符串\nvar strPath = \"/api/rest/\" + aPath + \"/\" + reqData[\"a\"].value;\n\n//生成request中i对应的sign值，用于服务器校验\n//var strContentSign = request.data[\"i\"];\nvar strTime = globals.CurrentTime;\n\n//var strAppkey = environment[\"Appkey\"];   //需要再将此字符串经过Base64加密\n//将Appkey值转成salt值，并Base64加密\nvar salt = CryptoJS.enc.Utf8.parse(environment[\"Appkey\"]);\nvar strSalt = CryptoJS.enc.Base64.stringify(salt);\n\n//拼接字符串，并MD5加密\nvar strSign = \"POST\" + strPath + strContentSign + strTime + strSalt;\nvar md5StrJ = CryptoJS.MD5(strSign).toString();\n//console.log(md5StrJ);\n\n//将加密后的sign值设置到环境变量\npostman.setEnvironmentVariable(\"signRequest\",md5StrJ);",
			"tests": "tests[\"Status code is 200\"] = responseCode.code === 200;\n\nif(responseBody.has(\"errorCode\")){\n    //输出responseBody\n    console.log(responseBody);\n}",
			"currentHelper": "normal",
			"helperAttributes": {},
			"queryParams": null,
			"headerData": null,
			"pathVariableData": null,
			"collectionId": "e2227c82-8727-f02d-b272-42aca8a891cc"
		}
	]
}