{
  "id": "b8c968a7-e6a4-e0ca-9255-2d9ea3886808",
  "name": "Postman Globals",
  "values": [
    {
      "enabled": true,
      "key": "CurrentTime",
      "value": "2017727154858021",
      "type": "text"
    },
    {
      "enabled": true,
      "key": "VivaVideoUrl_hz_a",
      "value": "https://viva.api.xiaoying.co/api/rest/a",
      "type": "text"
    },
    {
      "enabled": true,
      "key": "VivaVideoUrl_hz_u",
      "value": "https://viva.api.xiaoying.co/api/rest/u",
      "type": "text"
    },
    {
      "enabled": true,
      "key": "VivaVideoUrl_hz_v",
      "value": "https://viva.api.xiaoying.co/api/rest/v",
      "type": "text"
    },
    {
      "enabled": true,
      "key": "VivaVideoUrl_hz_s",
      "value": "https://s.api.xiaoying.co/api/rest/s",
      "type": "text"
    },
    {
      "enabled": true,
      "key": "VivaVideoUrl_hz_r",
      "value": "https://r.api.xiaoying.co/api/rest/r",
      "type": "text"
    },
    {
      "enabled": true,
      "key": "VivaVideoUrl_hz_m",
      "value": "https://viva.api.xiaoying.co/api/rest/m",
      "type": "text"
    },
    {
      "enabled": true,
      "key": "VivaVideoUrl_hz_p",
      "value": "https://viva.api.xiaoying.co/api/rest/p",
      "type": "text"
    },
    {
      "enabled": true,
      "key": "VivaVideoUrl_hz_g",
      "value": "https://viva.api.xiaoying.co/api/rest/g",
      "type": "text"
    },
    {
      "enabled": true,
      "key": "VivaVideoUrl_hz_search",
      "value": "https://viva.api.xiaoying.co/api/rest/search",
      "type": "text"
    },
    {
      "enabled": true,
      "key": "VivaVideoUrl_hz_h",
      "value": "https://viva.api.xiaoying.co/api/rest/h",
      "type": "text"
    },
    {
      "enabled": true,
      "key": "VivaVideoUrl_hz_ad",
      "value": "https://s.api.xiaoying.co/api/rest/ad",
      "type": "text"
    },
    {
      "enabled": true,
      "key": "VivaVideoUrl_hz_t",
      "value": "https://t.api.xiaoying.co/api/rest/t",
      "type": "text"
    },
    {
      "enabled": true,
      "key": "VivaVideoUrl_hz_y",
      "value": "https://viva.api.xiaoying.co/api/rest/y",
      "type": "text"
    },
    {
      "enabled": true,
      "key": "VivaVideoUrl_hz_d",
      "value": "https://viva.api.xiaoying.co/api/rest/d",
      "type": "text"
    },
    {
      "enabled": true,
      "key": "VivaVideoUrl_hz_push",
      "value": "https://push.api.xiaoying.co/api/rest/push",
      "type": "text"
    },
    {
      "enabled": true,
      "key": "VivaVideoUrl_hz_live",
      "value": "https://viva.api.xiaoying.co",
      "type": "text"
    },
    {
      "enabled": true,
      "key": "VivaVideoUrl_asia1_a",
      "value": "https://viva-asia1-ak.api.xiaoying.co/api/rest/a",
      "type": "text"
    },
    {
      "enabled": true,
      "key": "VivaVideoUrl_asia1_u",
      "value": "https://viva-asia1-ak.api.xiaoying.co/api/rest/u",
      "type": "text"
    },
    {
      "enabled": true,
      "key": "VivaVideoUrl_asia1_v",
      "value": "https://viva-asia1-ak.api.xiaoying.co/api/rest/v",
      "type": "text"
    },
    {
      "enabled": true,
      "key": "VivaVideoUrl_asia1_s",
      "value": "https://s-ak.api.xiaoying.co/api/rest/s",
      "type": "text"
    },
    {
      "enabled": true,
      "key": "VivaVideoUrl_asia1_r",
      "value": "https://viva-asia1-ak.api.xiaoying.co/api/rest/r",
      "type": "text"
    },
    {
      "enabled": true,
      "key": "VivaVideoUrl_asia1_m",
      "value": "https://viva-asia1-ak.api.xiaoying.co/api/rest/m",
      "type": "text"
    },
    {
      "enabled": true,
      "key": "VivaVideoUrl_asia1_p",
      "value": "https://viva-asia1-ak.api.xiaoying.co/api/rest/p",
      "type": "text"
    },
    {
      "enabled": true,
      "key": "VivaVideoUrl_asia1_g",
      "value": "https://viva-asia1-ak.api.xiaoying.co/api/rest/g",
      "type": "text"
    },
    {
      "enabled": true,
      "key": "VivaVideoUrl_asia1_search",
      "value": "https://viva-asia1-ak.api.xiaoying.co/api/rest/search",
      "type": "text"
    },
    {
      "enabled": true,
      "key": "VivaVideoUrl_asia1_h",
      "value": "https://viva.api.xiaoying.co/api/rest/h",
      "type": "text"
    },
    {
      "enabled": true,
      "key": "VivaVideoUrl_asia1_ad",
      "value": "https://s-ak.api.xiaoying.co/api/rest/ad",
      "type": "text"
    },
    {
      "enabled": true,
      "key": "VivaVideoUrl_asia1_t",
      "value": "https://t-ak.api.xiaoying.co/api/rest/t",
      "type": "text"
    },
    {
      "enabled": true,
      "key": "VivaVideoUrl_asia1_y",
      "value": "https://viva-asia1-ak.api.xiaoying.co/api/rest/y",
      "type": "text"
    },
    {
      "enabled": true,
      "key": "VivaVideoUrl_asia1_d",
      "value": "https://viva-asia1-ak.api.xiaoying.co/api/rest/d",
      "type": "text"
    },
    {
      "enabled": true,
      "key": "VivaVideoUrl_asia1_push",
      "value": "https://push.api.xiaoying.co/api/rest/push",
      "type": "text"
    },
    {
      "enabled": true,
      "key": "VivaVideoUrl_us_a",
      "value": "https://viva-us-ak.api.xiaoying.co/api/rest/a",
      "type": "text"
    },
    {
      "enabled": true,
      "key": "VivaVideoUrl_us_d",
      "value": "https://viva-us-ak.api.xiaoying.co/api/rest/d",
      "type": "text"
    },
    {
      "enabled": true,
      "key": "VivaVideoUrl_us_u",
      "value": "https://viva-us-ak.api.xiaoying.co/api/rest/u",
      "type": "text"
    },
    {
      "enabled": true,
      "key": "VivaVideoUrl_us_v",
      "value": "https://viva-us-ak.api.xiaoying.co/api/rest/v",
      "type": "text"
    },
    {
      "enabled": true,
      "key": "VivaVideoUrl_us_s",
      "value": "https://s-ak.api.xiaoying.co/api/rest/s",
      "type": "text"
    },
    {
      "enabled": true,
      "key": "VivaVideoUrl_us_r",
      "value": "https://viva-us-ak.api.xiaoying.co/api/rest/r",
      "type": "text"
    },
    {
      "enabled": true,
      "key": "VivaVideoUrl_us_m",
      "value": "https://viva-us-ak.api.xiaoying.co/api/rest/m",
      "type": "text"
    },
    {
      "enabled": true,
      "key": "VivaVideoUrl_us_p",
      "value": "https://viva-us-ak.api.xiaoying.co/api/rest/p",
      "type": "text"
    },
    {
      "enabled": true,
      "key": "VivaVideoUrl_us_g",
      "value": "https://viva-us-ak.api.xiaoying.co/api/rest/g",
      "type": "text"
    },
    {
      "enabled": true,
      "key": "VivaVideoUrl_us_search",
      "value": "https://viva-us-ak.api.xiaoying.co/api/rest/search",
      "type": "text"
    },
    {
      "enabled": true,
      "key": "VivaVideoUrl_us_h",
      "value": "https://viva.api.xiaoying.co/api/rest/h",
      "type": "text"
    },
    {
      "enabled": true,
      "key": "VivaVideoUrl_us_ad",
      "value": "https://s-ak.api.xiaoying.co/api/rest/ad",
      "type": "text"
    },
    {
      "enabled": true,
      "key": "VivaVideoUrl_us_t",
      "value": "https://t-ak.api.xiaoying.co/api/rest/t",
      "type": "text"
    },
    {
      "enabled": true,
      "key": "VivaVideoUrl_us_y",
      "value": "https://viva-us-ak.api.xiaoying.co/api/rest/y",
      "type": "text"
    },
    {
      "enabled": true,
      "key": "VivaVideoUrl_us_push",
      "value": "https://push.api.xiaoying.co/api/rest/push",
      "type": "text"
    },
    {
      "enabled": true,
      "key": "VivaVideoUrl_us_live",
      "value": "https://viva-us.api.xiaoying.co",
      "type": "text"
    },
    {
      "enabled": true,
      "key": "VivaVideoUrl_meast_a",
      "value": "https://viva-meast-ak.api.xiaoying.co/api/rest/a",
      "type": "text"
    },
    {
      "enabled": true,
      "key": "VivaVideoUrl_meast_u",
      "value": "https://viva-meast-ak.api.xiaoying.co/api/rest/u",
      "type": "text"
    },
    {
      "enabled": true,
      "key": "VivaVideoUrl_meast_v",
      "value": "https://viva-meast-ak.api.xiaoying.co/api/rest/v",
      "type": "text"
    },
    {
      "enabled": true,
      "key": "VivaVideoUrl_meast_s",
      "value": "https://s-ak.api.xiaoying.co/api/rest/s",
      "type": "text"
    },
    {
      "enabled": true,
      "key": "VivaVideoUrl_meast_r",
      "value": "https://r.api.xiaoying.co/api/rest/r",
      "type": "text"
    },
    {
      "enabled": true,
      "key": "VivaVideoUrl_meast_m",
      "value": "https://viva-meast-ak.api.xiaoying.co/api/rest/m",
      "type": "text"
    },
    {
      "enabled": true,
      "key": "VivaVideoUrl_meast_p",
      "value": "https://viva-meast-ak.api.xiaoying.co/api/rest/p",
      "type": "text"
    },
    {
      "enabled": true,
      "key": "VivaVideoUrl_meast_g",
      "value": "https://viva-meast-ak.api.xiaoying.co/api/rest/g",
      "type": "text"
    },
    {
      "enabled": true,
      "key": "VivaVideoUrl_meast_search",
      "value": "https://viva-meast-ak.api.xiaoying.co/api/rest/search",
      "type": "text"
    },
    {
      "enabled": true,
      "key": "VivaVideoUrl_meast_h",
      "value": "https://viva-meast-ak.api.xiaoying.co/api/rest/h",
      "type": "text"
    },
    {
      "enabled": true,
      "key": "VivaVideoUrl_meast_ad",
      "value": "https://s-ak.api.xiaoying.co/api/rest/ad",
      "type": "text"
    },
    {
      "enabled": true,
      "key": "VivaVideoUrl_meast_t",
      "value": "https://t-ak.api.xiaoying.co/api/rest/t",
      "type": "text"
    },
    {
      "enabled": true,
      "key": "VivaVideoUrl_meast_y",
      "value": "https://viva-meast-ak.api.xiaoying.co/api/rest/y",
      "type": "text"
    },
    {
      "enabled": true,
      "key": "VivaVideoUrl_meast_d",
      "value": "https://viva-meast-ak.api.xiaoying.co/api/rest/d",
      "type": "text"
    },
    {
      "enabled": true,
      "key": "communityurl",
      "value": "slideplus.api.xiaoying.co",
      "type": "text"
    },
    {
      "enabled": true,
      "key": "pre-communityurl",
      "value": "slide-pre.api.xiaoying.co",
      "type": "text"
    },
    {
      "enabled": true,
      "key": "templateurl",
      "value": "t-slide.api.xiaoying.co",
      "type": "text"
    },
    {
      "enabled": true,
      "key": "pre-templateurl",
      "value": "t-slide-pre.api.xiaoying.co",
      "type": "text"
    },
    {
      "enabled": true,
      "key": "supporturl",
      "value": "s-slide.api.xiaoying.co",
      "type": "text"
    },
    {
      "enabled": true,
      "key": "pre-supporturl",
      "value": "s-slide-pre.api.xiaoying.co",
      "type": "text"
    },
    {
      "enabled": true,
      "key": "H5",
      "value": "http://h5rs.api.xiaoying.co",
      "type": "text"
    },
    {
      "enabled": true,
      "key": "iAppkey",
      "value": "20003500",
      "type": "text"
    },
    {
      "enabled": true,
      "key": "gpAppkey",
      "value": "10004301",
      "type": "text"
    },
    {
      "enabled": false,
      "key": "appSecret",
      "value": "SlidePlus_QaTest_Lemon",
      "type": "text"
    },
    {
      "enabled": true,
      "key": "AndroidFinger",
      "value": "[A]SlidePlus_QaTest_Lemon_Android",
      "type": "text"
    },
    {
      "enabled": true,
      "key": "iOSFinger",
      "value": "[i]SlidePlus_QaTest_Lemon_iOS",
      "type": "text"
    },
    {
      "enabled": true,
      "key": "Appkey",
      "value": "10004800",
      "type": "text"
    },
    {
      "enabled": true,
      "key": "Deviceid",
      "value": "647001021469564928",
      "type": "text"
    }
  ],
  "_postman_variable_scope": "globals",
  "_postman_exported_at": "2017-07-27T07:53:29.556Z",
  "_postman_exported_using": "Postman/5.1.2"
}