{
  "id": "e38a8c46-36b8-7b46-3aba-c82fd6b62a55",
  "name": "Vivavideo_CN",
  "values": [
    {
      "enabled": true,
      "key": "signRequest",
      "value": "230645782b2e9b0bf18dce9e7e5319c2",
      "type": "text"
    },
    {
      "enabled": true,
      "key": "Appkey",
      "value": "10015700",
      "type": "text"
    },
    {
      "enabled": false,
      "key": "Appkey_iOS",
      "value": "20008700",
      "type": "text"
    },
    {
      "enabled": true,
      "key": "OSVersion",
      "value": "4.4.4",
      "type": "text"
    },
    {
      "enabled": true,
      "key": "VivaVideo_Auid",
      "value": "7vhzl",
      "type": "text"
    },
    {
      "enabled": true,
      "key": "Vivavideo_accountType",
      "value": "10",
      "type": "text"
    },
    {
      "enabled": true,
      "key": "VivaVideo_nickName",
      "value": "小小小小背影",
      "type": "text"
    },
    {
      "enabled": true,
      "key": "VivaVideo_accountName",
      "value": "F8C9897FF8E546503EF7E213DC5100BA",
      "type": "text"
    },
    {
      "enabled": true,
      "key": "VivaVideo_Token",
      "value": "2|69edbf50ef6ac4594a19f663365a004ba84fd78b173c5436b5418c17fc4a5b04",
      "type": "text"
    },
    {
      "enabled": true,
      "key": "VivaVideo_UserToken",
      "value": "2|69edbf50ef6ac45936df8db885f6269ea84fd78b173c5436064d01aa52a9f9d6",
      "type": "text"
    },
    {
      "enabled": true,
      "key": "languageCountry",
      "value": "zh_CN",
      "type": "text"
    },
    {
      "enabled": true,
      "key": "country",
      "value": "CN",
      "type": "text"
    },
    {
      "enabled": true,
      "key": "countryIP",
      "value": "115.231.100.106",
      "type": "text"
    },
    {
      "enabled": true,
      "key": "VivaVideo_fristPuid",
      "value": "s6hv1",
      "type": "text"
    },
    {
      "enabled": true,
      "key": "secPuid",
      "value": "j84PT",
      "type": "text"
    },
    {
      "enabled": true,
      "key": "thirdPuid",
      "value": "07Idv",
      "type": "text"
    },
    {
      "enabled": true,
      "key": "VivaVideo_thirdAuid",
      "value": "I2k3U",
      "type": "text"
    },
    {
      "enabled": true,
      "key": "thirdNickName",
      "value": "小魔术师陈俊强",
      "type": "text"
    },
    {
      "enabled": true,
      "key": "vuid",
      "value": "0dyIv",
      "type": "text"
    },
    {
      "enabled": true,
      "key": "ctuid",
      "value": "za1sn2",
      "type": "text"
    },
    {
      "enabled": true,
      "key": "ptuid",
      "value": "za1snn",
      "type": "text"
    },
    {
      "enabled": true,
      "key": "IMToken",
      "value": "Ml12nz1VEgzaSR08GlTQbT2HtVayc+AMt9SWp8h5CBn2Jz/fc3MaoLrqueL0qCxb/vJDK9CMx2sRQGBFNfMzqg==",
      "type": "text"
    },
    {
      "enabled": true,
      "key": "strActivityID",
      "value": "hm4f",
      "type": "text"
    },
    {
      "enabled": true,
      "key": "strActivityTittle",
      "value": "Despacito",
      "type": "text"
    },
    {
      "enabled": true,
      "key": "topUserModuleID",
      "value": "1693",
      "type": "text"
    },
    {
      "enabled": true,
      "key": "engineVersion",
      "value": "196627",
      "type": "text"
    },
    {
      "enabled": true,
      "key": "templateID",
      "value": "0x010000000000009F",
      "type": "text"
    },
    {
      "enabled": true,
      "key": "templateTypeID",
      "value": "1",
      "type": "text"
    },
    {
      "enabled": true,
      "key": "sceneCodeID",
      "value": "0",
      "type": "text"
    },
    {
      "enabled": true,
      "key": "templateGroupID",
      "value": "2017062116124444",
      "type": "text"
    },
    {
      "enabled": true,
      "key": "templateRowCodeID",
      "value": "20160531095605",
      "type": "text"
    },
    {
      "enabled": true,
      "key": "puid",
      "value": "Un4X9",
      "type": "text"
    },
    {
      "enabled": true,
      "key": "pversion",
      "value": "1",
      "type": "text"
    },
    {
      "enabled": true,
      "key": "strCommentID",
      "value": "591529e60cf2acc92776fcee",
      "type": "text"
    },
    {
      "enabled": true,
      "key": "DeviceID",
      "value": "DAqsraUj",
      "type": "text"
    },
    {
      "enabled": true,
      "key": "VivaVideo_thirdAuid1",
      "value": "e60I5",
      "type": "text"
    },
    {
      "enabled": true,
      "key": "VivaVideo_thirdAuid2",
      "value": "z0bU6",
      "type": "text"
    },
    {
      "enabled": true,
      "key": "VivaVideo_thirdAuid3",
      "value": "j4fdI",
      "type": "text"
    },
    {
      "enabled": true,
      "key": "strSecCommentID",
      "value": "591529cf0cf2acc92776fceb",
      "type": "text"
    },
    {
      "enabled": true,
      "key": "privilegeID",
      "value": "64",
      "type": "text"
    },
    {
      "enabled": true,
      "key": "AndroidDeviceID",
      "value": "799220345583443968",
      "type": "text"
    },
    {
      "enabled": true,
      "key": "AndroidDeviceToken",
      "value": "2|b81ec4288db21fdb42334af67b1c794cf118f10968f2acf6876801e529cfc722944e1a817197cb71",
      "type": "text"
    },
    {
      "enabled": true,
      "key": "templateCode",
      "value": "1",
      "type": "text"
    }
  ],
  "timestamp": 1501141851328,
  "_postman_variable_scope": "environment",
  "_postman_exported_at": "2017-07-27T07:53:20.525Z",
  "_postman_exported_using": "Postman/5.1.2"
}