{
  "id": "bed45fbb-03fa-2715-c709-e652e9a6356a",
  "name": "Postman Globals",
  "values": [
    {
      "enabled": true,
      "key": "communityurl",
      "type": "text",
      "value": "slideplus.api.xiaoying.co"
    },
    {
      "enabled": true,
      "key": "pre-communityurl",
      "type": "text",
      "value": "slide-pre.api.xiaoying.co"
    },
    {
      "enabled": true,
      "key": "templateurl",
      "type": "text",
      "value": "t-slide.api.xiaoying.co"
    },
    {
      "enabled": true,
      "key": "pre-templateurl",
      "type": "text",
      "value": "t-slide-pre.api.xiaoying.co"
    },
    {
      "enabled": true,
      "key": "supporturl",
      "type": "text",
      "value": "s-slide.api.xiaoying.co"
    },
    {
      "enabled": true,
      "key": "pre-supporturl",
      "type": "text",
      "value": "s-slide-pre.api.xiaoying.co"
    },
    {
      "enabled": true,
      "key": "H5",
      "type": "text",
      "value": "http://h5rs.api.xiaoying.co"
    },
    {
      "enabled": true,
      "key": "iAppkey",
      "type": "text",
      "value": "20003900"
    },
    {
      "enabled": true,
      "key": "gpAppkey",
      "type": "text",
      "value": "10004401"
    },
    {
      "enabled": true,
      "key": "appSecret",
      "type": "text",
      "value": "SlidePlus_QaTest_Lemon"
    },
    {
      "enabled": true,
      "key": "AndroidFinger",
      "type": "text",
      "value": "[A]SlidePlus_QaTest_Lemon_Android"
    },
    {
      "enabled": true,
      "key": "iOSFinger",
      "type": "text",
      "value": "[i]SlidePlus_QaTest_Lemon_iOS"
    },
    {
      "enabled": true,
      "key": "CurrentTime",
      "type": "text",
      "value": "2017426145643530"
    },
    {
      "enabled": true,
      "key": "Appkey",
      "type": "text",
      "value": "10004800"
    },
    {
      "enabled": true,
      "key": "Deviceid",
      "type": "text",
      "value": "647001021469564928"
    }
  ],
  "_postman_variable_scope": "globals",
  "_postman_exported_at": "2017-04-27T06:40:36.563Z",
  "_postman_exported_using": "Postman/4.10.7"
}