{
  "id": "8ff0c067-b7eb-ff59-f1c3-b37be51d7907",
  "name": "TC-SlidePlus",
  "values": [
    {
      "enabled": true,
      "key": "Appkey",
      "value": "10005400",
      "type": "text"
    },
    {
      "enabled": true,
      "key": "phoneNo",
      "value": "15857154810",
      "type": "text"
    },
    {
      "enabled": true,
      "key": "phonePwd",
      "value": "qa123456",
      "type": "text"
    },
    {
      "enabled": true,
      "key": "phonePwd2",
      "value": "qa123456",
      "type": "text"
    },
    {
      "enabled": true,
      "key": "phoneUsercode",
      "value": "ojUl",
      "type": "text"
    },
    {
      "enabled": true,
      "key": "phoneSPtoken",
      "value": "2|cdd8e3929372eb1a7705580964cc850696a6af3dece2e383e6d8b39033375b77241ee4fc32253068",
      "type": "text"
    },
    {
      "enabled": true,
      "key": "Deviceid",
      "value": "647001021469564928",
      "type": "text"
    },
    {
      "enabled": true,
      "key": "requestParam_cn",
      "value": "%7B%22b%22%3A%22zh_CN%22%2C%22c%22%3A%22CN%22%7D",
      "type": "text"
    },
    {
      "enabled": true,
      "key": "md5",
      "value": "9c36e355d82423f8612e01d22d636274",
      "type": "text"
    },
    {
      "enabled": true,
      "key": "engineVersion",
      "value": "196624",
      "type": "text"
    },
    {
      "enabled": true,
      "key": "templateID",
      "value": "0x0100100000000042",
      "type": "text"
    },
    {
      "enabled": true,
      "key": "uploadID",
      "value": "zfqdT",
      "type": "text"
    },
    {
      "enabled": true,
      "key": "videoVersion",
      "value": "1",
      "type": "text"
    },
    {
      "enabled": true,
      "key": "coverCode",
      "value": "zmb6q",
      "type": "text"
    },
    {
      "enabled": true,
      "key": "posterCode",
      "value": "zmb6h",
      "type": "text"
    },
    {
      "enabled": true,
      "key": "videoCode",
      "value": "zgInX",
      "type": "text"
    },
    {
      "enabled": true,
      "key": "videoID",
      "value": "w5jr",
      "type": "text"
    },
    {
      "enabled": true,
      "key": "timestamp",
      "value": "1490585669486",
      "type": "text"
    },
    {
      "enabled": true,
      "key": "FB_Account",
      "value": "978632775527573",
      "type": "text"
    },
    {
      "enabled": true,
      "key": "FB_Pwd",
      "value": "7fd171d0f6301d0f1be1c364e41dd13b",
      "type": "text"
    },
    {
      "enabled": true,
      "key": "FBusercode",
      "value": "bj6C",
      "type": "text"
    },
    {
      "enabled": true,
      "key": "FBtoken",
      "value": "2|cdd8e3929372eb1a0e3abe989a3cf8c496a6af3dece2e383e6d8b39033375b773047ad30c8fa1133",
      "type": "text"
    },
    {
      "enabled": true,
      "key": "GP_Account",
      "value": "103867006300875705408",
      "type": "text"
    },
    {
      "enabled": true,
      "key": "GP_Pwd",
      "value": "d5bda3d86a266a3982e4ac2962c826cd",
      "type": "text"
    },
    {
      "enabled": true,
      "key": "GPusercode",
      "value": "bjyP",
      "type": "text"
    },
    {
      "enabled": true,
      "key": "GPtoken",
      "value": "2|cdd8e3929372eb1a2873fcb040c12fbf96a6af3dece2e383e6d8b39033375b77459af55006a0bf86",
      "type": "text"
    },
    {
      "enabled": true,
      "key": "INS_Account",
      "value": "2246165879",
      "type": "text"
    },
    {
      "enabled": true,
      "key": "INS_Pwd",
      "value": "e92813d778ca7e41db46afc793ee0ec6",
      "type": "text"
    },
    {
      "enabled": true,
      "key": "INSusercode",
      "value": "bjmP",
      "type": "text"
    },
    {
      "enabled": true,
      "key": "INStoken",
      "value": "2|cdd8e3929372eb1ab5f2231c3b43e80896a6af3dece2e383e6d8b39033375b77f778f0a604bfccce",
      "type": "text"
    },
    {
      "enabled": true,
      "key": "QQ_Account",
      "value": "28DC2123918C8711A253DA1079430419",
      "type": "text"
    },
    {
      "enabled": true,
      "key": "QQ_Pwd",
      "value": "f93b4e0af471d54a36496a0994d84315",
      "type": "text"
    },
    {
      "enabled": true,
      "key": "QQusercode",
      "value": "bedo",
      "type": "text"
    },
    {
      "enabled": true,
      "key": "QQtoken",
      "value": "2|cdd8e3929372eb1ae0c09d465382b5b096a6af3dece2e383e6d8b39033375b773ca404a78ea2fe47",
      "type": "text"
    },
    {
      "enabled": true,
      "key": "WX_Account",
      "value": "5462592019",
      "type": "text"
    },
    {
      "enabled": true,
      "key": "WX_Pwd",
      "value": "2.00tiTgxFNTIxiD13389f5edcH9z9XC",
      "type": "text"
    },
    {
      "enabled": true,
      "key": "WXusercode",
      "value": "I901",
      "type": "text"
    },
    {
      "enabled": true,
      "key": "WXtoken",
      "value": "2|cdd8e3929372eb1a353dd9adee31887a96a6af3dece2e383e6d8b39033375b77d19c122d0136e4b4",
      "type": "text"
    },
    {
      "enabled": true,
      "key": "WB_Account",
      "value": "o8zNyuCNWstZcquVFC1WlPiJZa_k",
      "type": "text"
    },
    {
      "enabled": true,
      "key": "WB_Pwd",
      "value": "OezXcEiiBSKSxW0eoylIeCZZOrDk0Gqu7hvjclcJKRJi9-wfrzeSUbm2LkaTxbEb6TtvMSMoo7apaRCGJ4xJbZttDKS1_2D4tuIN5nz4ogovavNYhVi7IhpG-y8ZAufApciWTIwpIgYnls_C_XENqA",
      "type": "text"
    },
    {
      "enabled": true,
      "key": "WBusercode",
      "value": "Ilkw",
      "type": "text"
    },
    {
      "enabled": true,
      "key": "WBtoken",
      "value": "2|cdd8e3929372eb1ae2e27e009704938596a6af3dece2e383e6d8b39033375b77d9484ebf69e60976",
      "type": "text"
    },
    {
      "enabled": true,
      "key": "Nickname",
      "value": "修改昵称测试",
      "type": "text"
    },
    {
      "enabled": true,
      "key": "templateCode",
      "value": "1",
      "type": "text"
    },
    {
      "enabled": true,
      "key": "audioClass",
      "value": "121",
      "type": "text"
    },
    {
      "enabled": true,
      "key": "AndroidDeviceID",
      "value": "799220345583443968",
      "type": "text"
    },
    {
      "enabled": true,
      "key": "AndroidDeviceToken",
      "value": "2|cdd8e3929372eb1a047c8fd9647d1032f118f10968f2acf6876801e529cfc722944e1a817197cb71",
      "type": "text"
    },
    {
      "enabled": true,
      "key": "iOSDeviceID",
      "value": "799220993418862592",
      "type": "text"
    },
    {
      "enabled": true,
      "key": "iOSDeviceToken",
      "value": "2|cdd8e3929372eb1ae60340c52df810d3f8c53d8c34aa331b857fc68552273015944e1a817197cb71",
      "type": "text"
    },
    {
      "enabled": true,
      "key": "groupcode",
      "value": "2017050814331212",
      "type": "text"
    }
  ],
  "timestamp": 1496800140268,
  "_postman_variable_scope": "environment",
  "_postman_exported_at": "2017-06-07T01:49:41.950Z",
  "_postman_exported_using": "Postman/4.10.7"
}