{
  "id": "bbc57681-7bd9-09e2-343b-a3425d4da669",
  "name": "Postman Globals",
  "values": [
    {
      "enabled": true,
      "key": "communityurl",
      "type": "text",
      "value": "slideplus.api.xiaoying.co"
    },
    {
      "enabled": true,
      "key": "pre-communityurl",
      "type": "text",
      "value": "slide-pre.api.xiaoying.co"
    },
    {
      "enabled": true,
      "key": "templateurl",
      "type": "text",
      "value": "t-slide.api.xiaoying.co"
    },
    {
      "enabled": true,
      "key": "pre-templateurl",
      "type": "text",
      "value": "t-slide-pre.api.xiaoying.co"
    },
    {
      "enabled": true,
      "key": "supporturl",
      "type": "text",
      "value": "s-slide.api.xiaoying.co"
    },
    {
      "enabled": true,
      "key": "pre-supporturl",
      "type": "text",
      "value": "s-slide-pre.api.xiaoying.co"
    },
    {
      "enabled": true,
      "key": "H5",
      "type": "text",
      "value": "http://h5rs.api.xiaoying.co"
    },
    {
      "enabled": true,
      "key": "iAppkey",
      "type": "text",
      "value": "20003500"
    },
    {
      "enabled": true,
      "key": "gpAppkey",
      "type": "text",
      "value": "10004301"
    },
    {
      "enabled": false,
      "key": "appSecret",
      "type": "text",
      "value": "SlidePlus_QaTest_Lemon"
    },
    {
      "enabled": true,
      "key": "AndroidFinger",
      "type": "text",
      "value": "[A]SlidePlus_QaTest_Lemon_Android"
    },
    {
      "enabled": true,
      "key": "iOSFinger",
      "type": "text",
      "value": "[i]SlidePlus_QaTest_Lemon_iOS"
    },
    {
      "enabled": true,
      "key": "CurrentTime",
      "type": "text",
      "value": "2017511164731923"
    },
    {
      "enabled": true,
      "key": "Appkey",
      "type": "text",
      "value": "10004800"
    },
    {
      "enabled": true,
      "key": "Deviceid",
      "type": "text",
      "value": "647001021469564928"
    }
  ],
  "_postman_variable_scope": "globals",
  "_postman_exported_at": "2017-05-11T08:48:22.120Z",
  "_postman_exported_using": "Postman/4.10.7"
}