{
	"id": "bb795129-ccf3-0c06-c350-9b1f26d96c21",
	"name": "Modify Password",
	"description": "",
	"order": [],
	"folders": [
		{
			"owner": "1218780",
			"lastUpdatedBy": "1218780",
			"lastRevision": 1366224824,
			"folder": null,
			"id": "0dbd9b78-0a74-7b42-1680-0699cc7c4b38",
			"name": "手机注册登录",
			"description": "在获取运营相关数据前，SNS登录/手机登录至少选择一种方式执行登录操作来获取token",
			"order": [
				"d0ac3731-264e-3bde-ea5a-89b442c6ca81",
				"31b39aba-eb19-00f7-b210-2a563010ccb7",
				"d1fef80a-c75e-dbbb-2ef9-ed0a094d7812",
				"443482b6-e042-291b-7660-b980c772953b"
			],
			"folders_order": []
		},
		{
			"owner": "1218780",
			"lastUpdatedBy": "1218780",
			"lastRevision": 1366224825,
			"folder": null,
			"id": "a8a74746-4d12-bd69-ecd2-c5011c07b53b",
			"name": "手机登录修改密码",
			"description": "在获取运营相关数据前，SNS登录/手机登录至少选择一种方式执行登录操作来获取token",
			"order": [
				"3854b4dc-107b-3f31-9674-f33e14a67077",
				"5ddc5679-89c6-7da5-8c76-49af01388bd2",
				"d8aa47ec-aaf9-acb2-7f78-885a44c1f5f1",
				"198b9f54-5997-ce1a-47d6-c3d18c69cc8e",
				"87844f2a-2ca0-e569-c786-506c9bc7178a",
				"500b24ed-88c4-fd2b-4b74-5298eabf7d71"
			],
			"folders_order": []
		}
	],
	"timestamp": 1493694369998,
	"owner": "1218780",
	"public": false,
	"requests": [
		{
			"id": "198b9f54-5997-ce1a-47d6-c3d18c69cc8e",
			"headers": "Content-Type: application/x-www-form-urlencoded\n",
			"url": "{{communityurl}}/api/rest/a/ac",
			"preRequestScript": "",
			"pathVariables": {},
			"method": "POST",
			"data": [
				{
					"enabled": true,
					"key": "a",
					"type": "text",
					"value": "ac"
				},
				{
					"enabled": true,
					"key": "b",
					"type": "text",
					"value": "1.0"
				},
				{
					"enabled": true,
					"key": "c",
					"type": "text",
					"value": "{{iAppkey}}"
				},
				{
					"enabled": false,
					"key": "d",
					"type": "text",
					"value": "{{appSecret}}"
				},
				{
					"enabled": true,
					"key": "e",
					"type": "text",
					"value": "{{Deviceid}}"
				},
				{
					"enabled": true,
					"key": "f",
					"type": "text",
					"value": "{{phoneUsercode}}"
				},
				{
					"enabled": false,
					"key": "h",
					"type": "text",
					"value": ""
				},
				{
					"enabled": true,
					"key": "i",
					"type": "text",
					"value": "{\"a\":\"3\",\"b\":\"{{phoneNo}}\",\"c\":\"{{phonePwd2}}\"}"
				},
				{
					"enabled": false,
					"key": "j",
					"type": "text",
					"value": ""
				},
				{
					"enabled": false,
					"key": "k",
					"type": "text",
					"value": ""
				},
				{
					"enabled": true,
					"key": "l",
					"type": "text",
					"value": "{{CurrentTime}}"
				}
			],
			"dataMode": "urlencoded",
			"tests": "if(responseCode.code !== 200){\n    //var jsonData = JSON.parse(responseBody);\n    //返回错误信息\n    console.log(responseBody);\n    tests[responseBody] = false;\n}\n//接口请求成功\nelse if(responseCode.code === 200){\n    tests[\"Request Successed\"] = true;\n    //获取SNS登录token\n    var jsonData = JSON.parse(responseBody);\n    postman.setEnvironmentVariable(\"phoneSPtoken\", jsonData.a.a);\n}\n   \n//接口请求失败\nelse{\n    tests[\"Waring：Request Failed. Please Fix!\"] = false;\n} ",
			"currentHelper": "normal",
			"helperAttributes": {},
			"time": 1493189410752,
			"name": "ac-登录",
			"description": "在获取相关数据前，SNS登录/手机登录至少选择一种方式执行登录操作来获取token",
			"collectionId": "bb795129-ccf3-0c06-c350-9b1f26d96c21",
			"responses": [],
			"isFromCollection": true,
			"collectionRequestId": "a94f2a70-2ada-1315-8957-fbde2794127c",
			"folder": "a8a74746-4d12-bd69-ecd2-c5011c07b53b"
		},
		{
			"id": "31b39aba-eb19-00f7-b210-2a563010ccb7",
			"headers": "Content-Type: application/x-www-form-urlencoded\n",
			"url": "{{communityurl}}/api/rest/a/ac",
			"preRequestScript": "",
			"pathVariables": {},
			"method": "POST",
			"data": [
				{
					"enabled": true,
					"key": "a",
					"type": "text",
					"value": "ac"
				},
				{
					"enabled": true,
					"key": "b",
					"type": "text",
					"value": "1.0"
				},
				{
					"enabled": true,
					"key": "c",
					"type": "text",
					"value": "{{iAppkey}}"
				},
				{
					"enabled": false,
					"key": "d",
					"type": "text",
					"value": "{{appSecret}}"
				},
				{
					"enabled": true,
					"key": "e",
					"type": "text",
					"value": "{{Deviceid}}"
				},
				{
					"enabled": true,
					"key": "f",
					"type": "text",
					"value": "{{phoneUsercode}}"
				},
				{
					"enabled": false,
					"key": "h",
					"type": "text",
					"value": ""
				},
				{
					"enabled": true,
					"key": "i",
					"type": "text",
					"value": "{\"a\":\"3\",\"b\":\"{{phoneNo}}\",\"c\":\"{{phonePwd}}\"}"
				},
				{
					"enabled": false,
					"key": "j",
					"type": "text",
					"value": ""
				},
				{
					"enabled": false,
					"key": "k",
					"type": "text",
					"value": ""
				},
				{
					"enabled": true,
					"key": "l",
					"type": "text",
					"value": "{{CurrentTime}}"
				}
			],
			"dataMode": "urlencoded",
			"tests": "if(responseCode.code !== 200){\n    //var jsonData = JSON.parse(responseBody);\n    //返回错误信息\n    console.log(responseBody);\n    tests[responseBody] = false;\n}\n//接口请求成功\nelse if(responseCode.code === 200){\n    tests[\"Request Successed\"] = true;\n    //获取SNS登录token\n    var jsonData = JSON.parse(responseBody);\n    postman.setEnvironmentVariable(\"phoneSPtoken\", jsonData.a.a);\n}\n   \n//接口请求失败\nelse{\n    tests[\"Waring：Request Failed. Please Fix!\"] = false;\n} ",
			"currentHelper": "normal",
			"helperAttributes": {},
			"time": 1493189378479,
			"name": "ac-登录",
			"description": "在获取相关数据前，SNS登录/手机登录至少选择一种方式执行登录操作来获取token",
			"collectionId": "bb795129-ccf3-0c06-c350-9b1f26d96c21",
			"responses": [],
			"isFromCollection": true,
			"collectionRequestId": "ca1402e7-be43-5490-ddc2-44c2ea4d5853",
			"folder": "0dbd9b78-0a74-7b42-1680-0699cc7c4b38"
		},
		{
			"id": "3854b4dc-107b-3f31-9674-f33e14a67077",
			"headers": "",
			"url": "{{communityurl}}/api/rest/a/aaa",
			"preRequestScript": "",
			"pathVariables": {},
			"method": "POST",
			"data": [
				{
					"enabled": true,
					"key": "a",
					"type": "text",
					"value": "aaa"
				},
				{
					"enabled": true,
					"key": "b",
					"type": "text",
					"value": "1.0"
				},
				{
					"enabled": true,
					"key": "c",
					"type": "text",
					"value": "{{iAppkey}}"
				},
				{
					"enabled": false,
					"key": "d",
					"type": "text",
					"value": ""
				},
				{
					"enabled": true,
					"key": "e",
					"type": "text",
					"value": "{{Deviceid}}"
				},
				{
					"enabled": false,
					"key": "f",
					"type": "text",
					"value": ""
				},
				{
					"enabled": false,
					"key": "h",
					"type": "text",
					"value": ""
				},
				{
					"enabled": true,
					"key": "i",
					"type": "text",
					"value": "{\"a\":\"15857154810\",\"b\":\"2\"}"
				},
				{
					"enabled": false,
					"key": "j",
					"type": "text",
					"value": ""
				},
				{
					"enabled": false,
					"key": "k",
					"type": "text",
					"value": ""
				},
				{
					"enabled": true,
					"key": "l",
					"type": "text",
					"value": "{{CurrentTime}}"
				}
			],
			"dataMode": "urlencoded",
			"tests": "if(responseCode.code !== 200){\n    //var jsonData = JSON.parse(responseBody);\n    //返回错误信息\n    //console.log(responseBody);\n    tests[responseBody] = false;\n}\n//接口请求成功\nelse if(responseCode.code === 200){\n    tests[\"Request Successed\"] = true;\n}\n   \n//接口请求失败\nelse{\n    tests[\"Waring：Request Failed. Please Fix!\"] = false;\n} \n",
			"currentHelper": "normal",
			"helperAttributes": {},
			"time": 1493694478964,
			"name": "aaa-修改密码发送验证码",
			"description": "发送验证码\n请求参数说明：\na：手机号\nb:短信类型1注册，2找回密码",
			"collectionId": "bb795129-ccf3-0c06-c350-9b1f26d96c21",
			"responses": []
		},
		{
			"id": "443482b6-e042-291b-7660-b980c772953b",
			"headers": "",
			"url": "{{communityurl}}/api/rest/a/ad",
			"preRequestScript": "",
			"pathVariables": {},
			"method": "POST",
			"data": [
				{
					"enabled": true,
					"key": "a",
					"type": "text",
					"value": "ad"
				},
				{
					"enabled": true,
					"key": "b",
					"type": "text",
					"value": "1.0"
				},
				{
					"enabled": true,
					"key": "c",
					"type": "text",
					"value": "{{iAppkey}}"
				},
				{
					"enabled": false,
					"key": "d",
					"type": "text",
					"value": "{{appSecret}}"
				},
				{
					"enabled": true,
					"key": "e",
					"type": "text",
					"value": "{{Deviceid}}"
				},
				{
					"enabled": true,
					"key": "f",
					"type": "text",
					"value": "{{phoneUsercode}}"
				},
				{
					"enabled": true,
					"key": "h",
					"type": "text",
					"value": "{{phoneSPtoken}}"
				},
				{
					"enabled": true,
					"key": "i",
					"type": "text",
					"value": "{\"a\":\"3\",\"b\":\"{{phoneNo}}\"}"
				},
				{
					"enabled": false,
					"key": "j",
					"type": "text",
					"value": ""
				},
				{
					"enabled": false,
					"key": "k",
					"type": "text",
					"value": ""
				},
				{
					"enabled": true,
					"key": "l",
					"type": "text",
					"value": "{{CurrentTime}}"
				}
			],
			"dataMode": "urlencoded",
			"tests": "if(responseCode.code !== 200){\n    //var jsonData = JSON.parse(responseBody);\n    //返回错误信息\n    console.log(responseBody);\n    tests[responseBody] = false;\n}\n//接口请求成功\nelse if(responseCode.code === 200){\n    tests[\"Request Successed\"] = true;\n}\n   \n//接口请求失败\nelse{\n    tests[\"Waring：Request Failed. Please Fix!\"] = false;\n} \n",
			"currentHelper": "normal",
			"helperAttributes": {},
			"time": 1493189388198,
			"name": "ad-登出",
			"description": "",
			"collectionId": "bb795129-ccf3-0c06-c350-9b1f26d96c21",
			"responses": [],
			"isFromCollection": true,
			"collectionRequestId": "883478da-4366-ad0a-c2a8-b8cc98574d95",
			"folder": "0dbd9b78-0a74-7b42-1680-0699cc7c4b38"
		},
		{
			"id": "500b24ed-88c4-fd2b-4b74-5298eabf7d71",
			"headers": "",
			"url": "{{communityurl}}/api/rest/a/ad",
			"preRequestScript": "",
			"pathVariables": {},
			"method": "POST",
			"data": [
				{
					"enabled": true,
					"key": "a",
					"type": "text",
					"value": "ad"
				},
				{
					"enabled": true,
					"key": "b",
					"type": "text",
					"value": "1.0"
				},
				{
					"enabled": true,
					"key": "c",
					"type": "text",
					"value": "{{iAppkey}}"
				},
				{
					"enabled": false,
					"key": "d",
					"type": "text",
					"value": "{{appSecret}}"
				},
				{
					"enabled": true,
					"key": "e",
					"type": "text",
					"value": "{{Deviceid}}"
				},
				{
					"enabled": true,
					"key": "f",
					"type": "text",
					"value": "{{phoneUsercode}}"
				},
				{
					"enabled": true,
					"key": "h",
					"type": "text",
					"value": "{{phoneSPtoken}}"
				},
				{
					"enabled": true,
					"key": "i",
					"type": "text",
					"value": "{\"a\":\"3\",\"b\":\"{{phoneNo}}\"}"
				},
				{
					"enabled": false,
					"key": "j",
					"type": "text",
					"value": ""
				},
				{
					"enabled": false,
					"key": "k",
					"type": "text",
					"value": ""
				},
				{
					"enabled": true,
					"key": "l",
					"type": "text",
					"value": "{{CurrentTime}}"
				}
			],
			"dataMode": "urlencoded",
			"tests": "if(responseCode.code !== 200){\n    //var jsonData = JSON.parse(responseBody);\n    //返回错误信息\n    console.log(responseBody);\n    tests[responseBody] = false;\n}\n//接口请求成功\nelse if(responseCode.code === 200){\n    tests[\"Request Successed\"] = true;\n}\n   \n//接口请求失败\nelse{\n    tests[\"Waring：Request Failed. Please Fix!\"] = false;\n} \n",
			"currentHelper": "normal",
			"helperAttributes": {},
			"time": 1493189419622,
			"name": "ad-登出",
			"description": "",
			"collectionId": "bb795129-ccf3-0c06-c350-9b1f26d96c21",
			"responses": [],
			"isFromCollection": true,
			"collectionRequestId": "e5e88df6-c1be-4e88-55b1-6eaa9796f84e",
			"folder": "a8a74746-4d12-bd69-ecd2-c5011c07b53b"
		},
		{
			"id": "5ddc5679-89c6-7da5-8c76-49af01388bd2",
			"headers": "",
			"url": "{{communityurl}}/api/rest/a/aab",
			"preRequestScript": "",
			"pathVariables": {},
			"method": "POST",
			"data": [
				{
					"enabled": true,
					"key": "a",
					"type": "text",
					"value": "aab"
				},
				{
					"enabled": true,
					"key": "b",
					"type": "text",
					"value": "1.0"
				},
				{
					"enabled": true,
					"key": "c",
					"type": "text",
					"value": "{{iAppkey}}"
				},
				{
					"enabled": false,
					"key": "d",
					"type": "text",
					"value": ""
				},
				{
					"enabled": true,
					"key": "e",
					"type": "text",
					"value": "{{Deviceid}}"
				},
				{
					"enabled": false,
					"key": "f",
					"type": "text",
					"value": ""
				},
				{
					"enabled": false,
					"key": "h",
					"type": "text",
					"value": ""
				},
				{
					"enabled": true,
					"key": "i",
					"type": "text",
					"value": "{\"a\":\"{{phoneNo}}\",\"b\":\"139891\"}"
				},
				{
					"enabled": false,
					"key": "j",
					"type": "text",
					"value": ""
				},
				{
					"enabled": false,
					"key": "k",
					"type": "text",
					"value": ""
				},
				{
					"enabled": true,
					"key": "l",
					"type": "text",
					"value": "{{CurrentTime}}"
				}
			],
			"dataMode": "urlencoded",
			"tests": "if(responseCode.code !== 200){\n    //var jsonData = JSON.parse(responseBody);\n    //返回错误信息\n    console.log(responseBody);\n    tests[responseBody] = false;\n}\n//接口请求成功\nelse if(responseCode.code === 200){\n    tests[\"Request Successed\"] = true;\n}\n   \n//接口请求失败\nelse{\n    tests[\"Waring：Request Failed. Please Fix!\"] = false;\n} \n",
			"currentHelper": "normal",
			"helperAttributes": {},
			"time": 1493189402112,
			"name": "aab-验证验证码",
			"description": "请求参数说明：\na：手机号码\nb:验证码\n返回参数说明：\n \"success\": \"0\"：验证码不正确\n \"success\": \"1\"：验证成功",
			"collectionId": "bb795129-ccf3-0c06-c350-9b1f26d96c21",
			"responses": [],
			"isFromCollection": true,
			"collectionRequestId": "5836ac31-4e60-0317-888b-3d8a8bb28081",
			"folder": "a8a74746-4d12-bd69-ecd2-c5011c07b53b"
		},
		{
			"id": "87844f2a-2ca0-e569-c786-506c9bc7178a",
			"headers": "Content-Type: application/x-www-form-urlencoded\n",
			"url": "{{communityurl}}/api/rest/u/uc",
			"preRequestScript": "",
			"pathVariables": {},
			"method": "POST",
			"data": [
				{
					"enabled": true,
					"key": "a",
					"type": "text",
					"value": "uc"
				},
				{
					"enabled": true,
					"key": "b",
					"type": "text",
					"value": "1.0"
				},
				{
					"enabled": true,
					"key": "c",
					"type": "text",
					"value": "{{iAppkey}}"
				},
				{
					"enabled": false,
					"key": "d",
					"type": "text",
					"value": "{{appSecret}}"
				},
				{
					"enabled": true,
					"key": "e",
					"type": "text",
					"value": "{{Deviceid}}"
				},
				{
					"enabled": true,
					"key": "f",
					"type": "text",
					"value": "{{phoneUsercode}}"
				},
				{
					"enabled": true,
					"key": "h",
					"type": "text",
					"value": "{{phoneSPtoken}}"
				},
				{
					"enabled": true,
					"key": "i",
					"type": "text",
					"value": "{\"a\":\"{{phoneUsercode}}\"}"
				},
				{
					"enabled": false,
					"key": "j",
					"type": "text",
					"value": ""
				},
				{
					"enabled": false,
					"key": "k",
					"type": "text",
					"value": ""
				},
				{
					"enabled": true,
					"key": "l",
					"type": "text",
					"value": "{{CurrentTime}}"
				}
			],
			"dataMode": "urlencoded",
			"tests": "if(responseCode.code !== 200){\n    //var jsonData = JSON.parse(responseBody);\n    //返回错误信息\n    console.log(responseBody);\n    tests[responseBody] = false;\n}\n//接口请求成功\nelse if(responseCode.code === 200){\n    tests[\"Request Successed\"] = true;\n}\n   \n//接口请求失败\nelse{\n    tests[\"Waring：Request Failed. Please Fix!\"] = false;\n} \n",
			"currentHelper": "normal",
			"helperAttributes": {},
			"time": 1493189414961,
			"name": "uc-用户信息",
			"description": "此操作用来获取用户信息，执行此操作前，请先执行一次登录操作来获取token\n请求参数说明：\ni:a需要查询的用户编码",
			"collectionId": "bb795129-ccf3-0c06-c350-9b1f26d96c21",
			"responses": [],
			"isFromCollection": true,
			"collectionRequestId": "1fc33df8-e28c-7fd0-8466-3a73695a1c3a",
			"folder": "a8a74746-4d12-bd69-ecd2-c5011c07b53b"
		},
		{
			"id": "d0ac3731-264e-3bde-ea5a-89b442c6ca81",
			"headers": "Content-Type: application/x-www-form-urlencoded\n",
			"url": "{{communityurl}}/api/rest/a/aa",
			"preRequestScript": "//手机账号\r\npostman.setEnvironmentVariable(\"phoneNo\", \"15857154810\");\r\npostman.setEnvironmentVariable(\"phonePwd\", \"qa123456\");\r\npostman.setEnvironmentVariable(\"phonePwd2\", \"qa123456\");\r\n\r\n\r\n//获取系统当前时间，并组装成固定格式时间戳\r\nvar d = new Date();\r\n//将日期组装成2位\r\nvar timeDate = d.getDate().toString();\r\nif(timeDate.length == 1){\r\n    timeDate = \"0\" + timeDate;\r\n}\r\n//将小时组装成2位\r\nvar timeHour = d.getHours().toString();\r\nif(timeHour.length == 1){\r\n    timeHour = \"0\" + timeHour;\r\n}\r\n//将分钟组装成2位\r\nvar timeMin = d.getMinutes().toString();\r\nif(timeMin.length == 1){\r\n    timeMin = \"0\" + timeMin;\r\n}\r\n//将秒组装成3位，文档和实际接口中毫秒没有用到，但秒那部分显示成用3位\r\nvar timeSec = d.getSeconds().toString();\r\nif(timeSec.length == 1){\r\n    timeSec = \"0\" + timeSec;\r\n}\r\n/*else if(timeSec.length == 2){\r\n    timeSec = \"0\" + timeSec;\r\n}*/\r\n//将毫秒组装成3位\r\nvar timeMilliSec = d.getMilliseconds().toString();\r\nif(timeMilliSec.length == 1){\r\n    timeMilliSec = \"00\" + timeMilliSec;\r\n}\r\nelse if(timeMilliSec.length == 2){\r\n    timeMilliSec = \"0\" + timeMilliSec;\r\n}\r\n\r\n//组装整个时间戳\r\nvar timesDate = d.getFullYear() + (d.getMonth()+1).toString() + timeDate + timeHour + timeMin + timeSec + timeMilliSec; \r\npostman.setGlobalVariable(\"CurrentTime\", timesDate);",
			"pathVariables": {},
			"method": "POST",
			"data": [
				{
					"enabled": true,
					"key": "a",
					"type": "text",
					"value": "aa"
				},
				{
					"enabled": true,
					"key": "b",
					"type": "text",
					"value": "1.0"
				},
				{
					"enabled": true,
					"key": "c",
					"type": "text",
					"value": "{{iAppkey}}"
				},
				{
					"enabled": false,
					"key": "d",
					"type": "text",
					"value": "{{appSecret}}"
				},
				{
					"enabled": true,
					"key": "e",
					"type": "text",
					"value": "{{Deviceid}}"
				},
				{
					"enabled": false,
					"key": "h",
					"type": "text",
					"value": ""
				},
				{
					"enabled": true,
					"key": "i",
					"type": "text",
					"value": "{\"a\":\"3\",\"b\":\"{{phoneNo}}\",\"c\":\"{{phonePwd}}\"}"
				},
				{
					"enabled": false,
					"key": "j",
					"type": "text",
					"value": ""
				},
				{
					"enabled": false,
					"key": "k",
					"type": "text",
					"value": ""
				},
				{
					"enabled": true,
					"key": "l",
					"type": "text",
					"value": "{{CurrentTime}}"
				}
			],
			"dataMode": "urlencoded",
			"tests": "if(responseCode.code !== 200){\n    //var jsonData = JSON.parse(responseBody);\n    //返回错误信息\n    console.log(responseBody);\n    tests[responseBody] = false;\n}\n//接口请求成功\nelse if(responseCode.code === 200){\n    tests[\"Request Successed\"] = true;\n    //获取usercode\n    var jsonData = JSON.parse(responseBody);\n    postman.setEnvironmentVariable(\"phoneUsercode\", jsonData.a);\n}\n   \n//接口请求失败\nelse{\n    tests[\"Waring：Request Failed. Please Fix!\"] = false;\n} ",
			"currentHelper": "normal",
			"helperAttributes": {},
			"time": 1493189373414,
			"name": "aa-注册",
			"description": "注册类型：手机注册\r\n测试包：iOS 正式包\r\n返回数据说明：\r\na：用户编码\r\nf：countrycode",
			"collectionId": "bb795129-ccf3-0c06-c350-9b1f26d96c21",
			"responses": [],
			"isFromCollection": true,
			"collectionRequestId": "f447d8dc-c7ec-3bbb-2aff-2b74b3ddce5c",
			"folder": "0dbd9b78-0a74-7b42-1680-0699cc7c4b38"
		},
		{
			"id": "d1fef80a-c75e-dbbb-2ef9-ed0a094d7812",
			"headers": "Content-Type: application/x-www-form-urlencoded\n",
			"url": "{{communityurl}}/api/rest/u/uc",
			"preRequestScript": "",
			"pathVariables": {},
			"method": "POST",
			"data": [
				{
					"enabled": true,
					"key": "a",
					"type": "text",
					"value": "uc"
				},
				{
					"enabled": true,
					"key": "b",
					"type": "text",
					"value": "1.0"
				},
				{
					"enabled": true,
					"key": "c",
					"type": "text",
					"value": "{{iAppkey}}"
				},
				{
					"enabled": false,
					"key": "d",
					"type": "text",
					"value": "{{appSecret}}"
				},
				{
					"enabled": true,
					"key": "e",
					"type": "text",
					"value": "{{Deviceid}}"
				},
				{
					"enabled": true,
					"key": "f",
					"type": "text",
					"value": "{{phoneUsercode}}"
				},
				{
					"enabled": true,
					"key": "h",
					"type": "text",
					"value": "{{phoneSPtoken}}"
				},
				{
					"enabled": true,
					"key": "i",
					"type": "text",
					"value": "{\"a\":\"{{phoneUsercode}}\"}"
				},
				{
					"enabled": false,
					"key": "j",
					"type": "text",
					"value": ""
				},
				{
					"enabled": false,
					"key": "k",
					"type": "text",
					"value": ""
				},
				{
					"enabled": true,
					"key": "l",
					"type": "text",
					"value": "{{CurrentTime}}"
				}
			],
			"dataMode": "urlencoded",
			"tests": "if(responseCode.code !== 200){\n    //var jsonData = JSON.parse(responseBody);\n    //返回错误信息\n    console.log(responseBody);\n    tests[responseBody] = false;\n}\n//接口请求成功\nelse if(responseCode.code === 200){\n    tests[\"Request Successed\"] = true;\n}\n   \n//接口请求失败\nelse{\n    tests[\"Waring：Request Failed. Please Fix!\"] = false;\n} \n",
			"currentHelper": "normal",
			"helperAttributes": {},
			"time": 1493189383568,
			"name": "uc-用户信息",
			"description": "此操作用来获取用户信息，执行此操作前，请先执行一次登录操作来获取token\n请求参数说明：\ni:a需要查询的用户编码",
			"collectionId": "bb795129-ccf3-0c06-c350-9b1f26d96c21",
			"responses": [],
			"isFromCollection": true,
			"collectionRequestId": "848b70b2-be0d-ea50-4ccf-b9de58a484f4",
			"folder": "0dbd9b78-0a74-7b42-1680-0699cc7c4b38"
		},
		{
			"id": "d8aa47ec-aaf9-acb2-7f78-885a44c1f5f1",
			"headers": "",
			"url": "{{communityurl}}/api/rest/a/aac",
			"preRequestScript": "",
			"pathVariables": {},
			"method": "POST",
			"data": [
				{
					"enabled": true,
					"key": "a",
					"type": "text",
					"value": "aac"
				},
				{
					"enabled": true,
					"key": "b",
					"type": "text",
					"value": "1.0"
				},
				{
					"enabled": true,
					"key": "c",
					"type": "text",
					"value": "{{iAppkey}}"
				},
				{
					"enabled": false,
					"key": "d",
					"type": "text",
					"value": "{{appSecret}}"
				},
				{
					"enabled": true,
					"key": "e",
					"type": "text",
					"value": "{{Deviceid}}"
				},
				{
					"enabled": false,
					"key": "f",
					"type": "text",
					"value": "{{phoneUsercode}}"
				},
				{
					"enabled": false,
					"key": "h",
					"type": "text",
					"value": "{{phoneSPtoken}}"
				},
				{
					"enabled": true,
					"key": "i",
					"type": "text",
					"value": "{\"a\":\"{{phoneNo}}\",\"b\":\"qa123456\"}"
				},
				{
					"enabled": false,
					"key": "j",
					"type": "text",
					"value": ""
				},
				{
					"enabled": false,
					"key": "k",
					"type": "text",
					"value": ""
				},
				{
					"enabled": true,
					"key": "l",
					"type": "text",
					"value": "{{CurrentTime}}"
				}
			],
			"dataMode": "urlencoded",
			"tests": "if(responseCode.code !== 200){\n    //var jsonData = JSON.parse(responseBody);\n    //返回错误信息\n    console.log(responseBody);\n    tests[responseBody] = false;\n}\n//接口请求成功\nelse if(responseCode.code === 200){\n    tests[\"Request Successed\"] = true;\n}\n   \n//接口请求失败\nelse{\n    tests[\"Waring：Request Failed. Please Fix!\"] = false;\n} \n",
			"currentHelper": "normal",
			"helperAttributes": {},
			"time": 1493189406729,
			"name": "aac-修改密码",
			"description": "请求参数说明： a：手机号码 b:新密码\n返回参数说明： \"success\": \"1\"：密码设置成功",
			"collectionId": "bb795129-ccf3-0c06-c350-9b1f26d96c21",
			"responses": [],
			"isFromCollection": true,
			"collectionRequestId": "665965c1-e9e1-3674-2efd-f19535907817",
			"folder": "a8a74746-4d12-bd69-ecd2-c5011c07b53b"
		}
	]
}